date,open,high,low,adj close,close,volume
Dec 29 2023,42675.00,43115.00,42215.00,42679.74,42679.74,6815
Dec 28 2023,43450.00,43895.00,42265.00,42515.00,42515.00,6585
Dec 27 2023,42475.00,43685.00,42150.00,43565.00,43565.00,9099
Dec 26 2023,43740.00,43760.00,41645.00,42150.00,42150.00,11155
Dec 22 2023,44110.00,44640.00,43495.00,43765.00,43765.00,9107
Dec 21 2023,43770.00,44465.00,43470.00,43860.00,43860.00,8472
Dec 20 2023,42455.00,44585.00,42305.00,43630.00,43630.00,10587
Dec 19 2023,42770.00,43670.00,41905.00,42360.00,42360.00,9272
Dec 18 2023,41950.00,42995.00,40705.00,42105.00,42105.00,6931
Dec 15 2023,43285.00,43455.00,41855.00,42440.00,42440.00,6434
Dec 14 2023,43350.00,43710.00,41935.00,43140.00,43140.00,8287
Dec 13 2023,41445.00,43505.00,40800.00,43210.00,43210.00,7734
Dec 12 2023,41530.00,42295.00,40895.00,41455.00,41455.00,6933
Dec 11 2023,44320.00,44320.00,40450.00,41035.00,41035.00,14410
Dec 8 2023,43595.00,45260.00,43515.00,44910.00,44910.00,7011
Dec 7 2023,44220.00,44555.00,43355.00,43700.00,43700.00,7768
Dec 6 2023,44770.00,44775.00,43815.00,44215.00,44215.00,9164
Dec 5 2023,42395.00,44725.00,41810.00,44290.00,44290.00,10616
Dec 4 2023,40480.00,42715.00,40325.00,42280.00,42280.00,13276
Dec 1 2023,38150.00,39640.00,38045.00,39225.00,39225.00,11744
Nov 30 2023,38205.00,38650.00,37870.00,38190.00,38190.00,6891
Nov 29 2023,38585.00,39105.00,38005.00,38065.00,38065.00,9088
Nov 28 2023,37555.00,39250.00,37300.00,38885.00,38885.00,12491
Nov 27 2023,38365.00,38365.00,37100.00,37210.00,37210.00,8695
Nov 24 2023,37540.00,38195.00,36890.00,38122.84,38122.84,10216
Nov 23 2023,37540.00,37705.00,36890.00,37220.00,37220.00,11869
Nov 22 2023,36430.00,37925.00,35600.00,37655.00,37655.00,11869
Nov 21 2023,37525.00,37745.00,36225.00,36920.00,36920.00,17841
Nov 20 2023,37075.00,37865.00,36745.00,37615.00,37615.00,15555
Nov 17 2023,36295.00,37045.00,35945.00,36565.00,36565.00,10400
Nov 16 2023,37955.00,38285.00,35610.00,36040.00,36040.00,11861
Nov 15 2023,35665.00,38130.00,35490.00,37820.00,37820.00,12335
Nov 14 2023,36805.00,36975.00,34820.00,35365.00,35365.00,10502
Nov 13 2023,37510.00,37720.00,36505.00,36915.00,36915.00,6819
Nov 10 2023,36815.00,37875.00,36605.00,37555.00,37555.00,8283
Nov 9 2023,36090.00,38380.00,35865.00,36805.00,36805.00,16525
Nov 8 2023,35760.00,36415.00,35300.00,35895.00,35895.00,7862
Nov 7 2023,35385.00,36340.00,34755.00,36145.00,36145.00,8038
Nov 6 2023,35310.00,35820.00,35030.00,35320.00,35320.00,5080
Nov 3 2023,35200.00,35265.00,34395.00,34805.00,34805.00,6829
Nov 2 2023,35810.00,36575.00,34590.00,35300.00,35300.00,10328
Nov 1 2023,34865.00,35940.00,34310.00,34965.00,34965.00,9752
Oct 31 2023,34775.00,35110.00,34295.00,34905.00,34905.00,5971
Oct 30 2023,34785.00,35175.00,34330.00,34765.00,34765.00,6449
Oct 27 2023,34150.00,34290.00,33835.00,33980.05,33980.05,7077
Oct 26 2023,34685.00,34940.00,33760.00,34065.00,34065.00,11713
Oct 25 2023,34150.00,35245.00,33745.00,34840.00,34840.00,13542
Oct 24 2023,31705.00,35265.00,31705.00,33845.00,33845.00,26556
Oct 23 2023,29860.00,31940.00,29840.00,31485.00,31485.00,15576
Oct 20 2023,28745.00,30465.00,28700.00,29685.00,29685.00,10080
Oct 19 2023,28335.00,29095.00,28175.00,28900.00,28900.00,7780
Oct 18 2023,28590.00,29120.00,28215.00,28320.00,28320.00,4733
Oct 17 2023,28575.00,28805.00,28245.00,28620.00,28620.00,6603
Oct 16 2023,27275.00,30365.00,27145.00,28575.00,28575.00,26787
Oct 13 2023,26795.00,27160.00,26695.00,26840.00,26840.00,4859
Oct 12 2023,26775.00,27025.00,26575.00,26755.00,26755.00,4426
Oct 11 2023,27540.00,27590.00,26575.00,26800.00,26800.00,10160
Oct 10 2023,27720.00,27890.00,27390.00,27490.00,27490.00,6128
Oct 9 2023,28085.00,28145.00,27370.00,27735.00,27735.00,7430
Oct 6 2023,27600.00,28275.00,27290.00,28145.00,28145.00,9349
Oct 5 2023,27855.00,28340.00,27465.00,27605.00,27605.00,10419
Oct 4 2023,27520.00,28015.00,27270.00,27775.00,27775.00,5558
Oct 3 2023,27680.00,27805.00,27290.00,27385.00,27385.00,8348
Oct 2 2023,27190.00,28950.00,27190.00,28150.00,28150.00,16751
Sep 29 2023,27040.00,27225.00,26750.00,26869.69,26869.69,6417
Sep 28 2023,26280.00,27370.00,26280.00,27120.00,27120.00,10622
Sep 27 2023,26150.00,26890.00,26080.00,26250.00,26250.00,12318
Sep 26 2023,26300.00,26430.00,26090.00,26245.00,26245.00,8234
Sep 25 2023,26545.00,26545.00,25985.00,26355.00,26355.00,9696
Sep 22 2023,26600.00,26815.00,26525.00,26545.00,26545.00,3757
Sep 21 2023,27165.00,27230.00,26380.00,26635.00,26635.00,6747
Sep 20 2023,27225.00,27455.00,26845.00,26990.00,26990.00,5569
Sep 19 2023,26885.00,27620.00,26715.00,27270.00,27270.00,8349
Sep 18 2023,26560.00,27550.00,26425.00,26885.00,26885.00,10480
Sep 15 2023,26635.00,26780.00,26265.00,26475.00,26475.00,3990
Sep 14 2023,26330.00,26955.00,26215.00,26765.00,26765.00,5968
Sep 13 2023,26180.00,26520.00,25845.00,26205.00,26205.00,5247
Sep 12 2023,25140.00,26685.00,25100.00,26125.00,26125.00,11268
Sep 11 2023,25930.00,26120.00,24925.00,25030.00,25030.00,8627
Sep 8 2023,26210.00,26560.00,25690.00,26005.00,26005.00,6232
Sep 7 2023,25795.00,26090.00,25630.00,25980.00,25980.00,3776
Sep 6 2023,25795.00,26140.00,25335.00,25705.00,25705.00,5237
Sep 5 2023,25985.00,26170.00,25580.00,25735.00,25735.00,4758
Sep 1 2023,26070.00,26225.00,25400.00,25700.00,25700.00,6918
Aug 31 2023,27385.00,27705.00,26010.00,26240.00,26240.00,10310
Aug 30 2023,27875.00,27970.00,27130.00,27260.00,27260.00,7293
Aug 29 2023,26075.00,28335.00,25980.00,28010.00,28010.00,19905
Aug 28 2023,26210.00,26360.00,25930.00,26090.00,26090.00,3315
Aug 25 2023,26070.00,26190.00,25945.00,26003.36,26003.36,5998
Aug 24 2023,26300.00,26560.00,25805.00,25995.00,25995.00,8638
Aug 23 2023,25595.00,26810.00,25585.00,26640.00,26640.00,12134
Aug 22 2023,26160.00,26165.00,25690.00,25730.00,25730.00,7666
Aug 21 2023,26195.00,26220.00,25795.00,26065.00,26065.00,7374
Aug 18 2023,26475.00,27005.00,25600.00,26020.00,26020.00,11658
Aug 17 2023,28955.00,28990.00,27485.00,27850.00,27850.00,14274
Aug 16 2023,29255.00,29305.00,28855.00,29130.00,29130.00,5150
Aug 15 2023,29460.00,29595.00,29115.00,29225.00,29225.00,4356
Aug 14 2023,29450.00,29810.00,29095.00,29395.00,29395.00,7834
Aug 11 2023,29560.00,29680.00,29310.00,29465.00,29465.00,4910
Aug 10 2023,29635.00,29855.00,29390.00,29495.00,29495.00,4119
Aug 9 2023,30065.00,30275.00,29460.00,29510.00,29510.00,7172
Aug 8 2023,29320.00,30260.00,29235.00,30075.00,30075.00,10861
Aug 7 2023,29125.00,29315.00,28720.00,29255.00,29255.00,6493
Aug 4 2023,29400.00,29490.00,28860.00,29090.00,29090.00,5362
Aug 3 2023,29285.00,29600.00,29060.00,29410.00,29410.00,4673
Aug 2 2023,29385.00,30245.00,28980.00,29280.00,29280.00,10812
Aug 1 2023,29400.00,29520.00,28625.00,29440.00,29440.00,10567
Jul 31 2023,29390.00,29760.00,29255.00,29285.00,29285.00,5498
Jul 28 2023,29200.00,29420.00,29080.00,29397.08,29397.08,6829
Jul 27 2023,29505.00,29575.00,29035.00,29115.00,29115.00,8850
Jul 26 2023,29240.00,29690.00,29075.00,29395.00,29395.00,8174
Jul 25 2023,29145.00,29390.00,29055.00,29180.00,29180.00,8133
Jul 24 2023,29960.00,30135.00,28810.00,29105.00,29105.00,13190
Jul 21 2023,29920.00,30120.00,29735.00,29885.00,29885.00,5304
Jul 20 2023,29955.00,30515.00,29560.00,29765.00,29765.00,9406
Jul 19 2023,29810.00,30275.00,29775.00,30105.00,30105.00,5138
Jul 18 2023,30335.00,30355.00,29535.00,29785.00,29785.00,5773
Jul 17 2023,30415.00,30495.00,29740.00,29990.00,29990.00,6236
Jul 14 2023,31515.00,31910.00,30025.00,30235.00,30235.00,11611
Jul 13 2023,30460.00,32165.00,30360.00,31925.00,31925.00,14992
Jul 12 2023,30705.00,31190.00,30325.00,30395.00,30395.00,10377
Jul 11 2023,30700.00,31000.00,30305.00,30755.00,30755.00,6161
Jul 10 2023,30290.00,31260.00,30075.00,31055.00,31055.00,5866
Jul 7 2023,30370.00,30685.00,29875.00,30370.00,30370.00,6541
Jul 6 2023,30705.00,31860.00,30060.00,30510.00,30510.00,11172
Jul 5 2023,31480.00,31725.00,30420.00,30675.00,30675.00,9567
Jul 3 2023,30850.00,31835.00,30735.00,31700.00,31700.00,6603
Jun 30 2023,30395.00,31255.00,29625.00,30128.51,30128.51,19808
Jun 29 2023,30170.00,30870.00,30055.00,30550.00,30550.00,11871
Jun 28 2023,30785.00,30785.00,29870.00,30110.00,30110.00,11519
Jun 27 2023,30215.00,31115.00,30185.00,30705.00,30705.00,10865
Jun 26 2023,30690.00,30800.00,30000.00,30315.00,30315.00,9077
Jun 23 2023,30175.00,31655.00,29975.00,31120.00,31120.00,12562
Jun 22 2023,30020.00,30685.00,29740.00,30370.00,30370.00,10153
Jun 21 2023,28250.00,30940.00,28250.00,30260.00,30260.00,18504
Jun 20 2023,26485.00,28445.00,26310.00,28180.00,28180.00,17218
Jun 16 2023,25600.00,26600.00,25145.00,26445.00,26445.00,10238
Jun 15 2023,25110.00,25620.00,24745.00,25470.00,25470.00,10605
Jun 14 2023,25890.00,26155.00,24815.00,25900.00,25900.00,5866
Jun 13 2023,26010.00,26555.00,25725.00,25930.00,25930.00,5185
Jun 12 2023,26155.00,26190.00,25670.00,25890.00,25890.00,5095
Jun 9 2023,26710.00,26920.00,26380.00,26475.00,26475.00,4376
Jun 8 2023,26335.00,26955.00,26200.00,26650.00,26650.00,4011
Jun 7 2023,27170.00,27525.00,26330.00,26610.00,26610.00,7113
Jun 6 2023,25665.00,27375.00,25315.00,27265.00,27265.00,14581
Jun 5 2023,27335.00,27615.00,25390.00,25640.00,25640.00,14010
Jun 2 2023,26965.00,27440.00,26560.00,27385.00,27385.00,7219
Jun 1 2023,27185.00,27440.00,26675.00,26925.00,26925.00,5116
May 31 2023,27905.00,28040.00,26910.00,27075.00,27075.00,9363
May 30 2023,27915.00,28665.00,27700.00,28070.00,28070.00,10217
May 26 2023,26500.00,26825.00,26330.00,26750.93,26750.93,5519
May 25 2023,26370.00,26645.00,25805.00,26470.00,26470.00,11838
May 24 2023,27250.00,27265.00,26015.00,26225.00,26225.00,13562
May 23 2023,26915.00,27565.00,26800.00,27200.00,27200.00,9455
May 22 2023,26825.00,27160.00,26540.00,26865.00,26865.00,7447
May 19 2023,26885.00,27235.00,26675.00,26885.00,26885.00,5175
May 18 2023,27390.00,27545.00,26375.00,26780.00,26780.00,7836
May 17 2023,27055.00,27520.00,26540.00,27430.00,27430.00,6683
May 16 2023,27410.00,27420.00,26905.00,26965.00,26965.00,4243
May 15 2023,26885.00,27740.00,26770.00,27475.00,27475.00,5914
May 12 2023,27010.00,27085.00,25840.00,26485.00,26485.00,7783
May 11 2023,27615.00,27810.00,26730.00,26845.00,26845.00,7435
May 10 2023,27660.00,28415.00,26745.00,27775.00,27775.00,11878
May 9 2023,27595.00,27875.00,27400.00,27770.00,27770.00,4968
May 8 2023,29105.00,29110.00,27320.00,27365.00,27365.00,11968
May 5 2023,28940.00,29910.00,28860.00,29765.00,29765.00,8255
May 4 2023,29005.00,29525.00,28775.00,29015.00,29015.00,6574
May 3 2023,28795.00,28955.00,28180.00,28415.00,28415.00,6486
May 2 2023,28030.00,29055.00,27955.00,28850.00,28850.00,7112
May 1 2023,29615.00,29615.00,27710.00,27915.00,27915.00,8811
Apr 28 2023,29655.00,29705.00,28890.00,29177.47,29177.47,6022
Apr 27 2023,28670.00,29920.00,28210.00,29690.00,29690.00,11291
Apr 26 2023,28320.00,30050.00,27250.00,27900.00,27900.00,14869
Apr 25 2023,27450.00,28070.00,27195.00,27605.00,27605.00,7926
Apr 24 2023,27425.00,28010.00,26980.00,27400.00,27400.00,7463
Apr 21 2023,28240.00,28360.00,27195.00,27310.00,27310.00,6273
Apr 20 2023,29195.00,29255.00,27985.00,28095.00,28095.00,7611
Apr 19 2023,30435.00,30520.00,29010.00,29265.00,29265.00,7617
Apr 18 2023,29555.00,30590.00,29145.00,30325.00,30325.00,5579
Apr 17 2023,30585.00,30585.00,29285.00,29550.00,29550.00,6895
Apr 14 2023,30445.00,31200.00,30065.00,30470.00,30470.00,7294
Apr 13 2023,30035.00,30900.00,29940.00,30530.00,30530.00,5866
Apr 12 2023,30365.00,30710.00,29800.00,29925.00,29925.00,5859
Apr 11 2023,29445.00,30775.00,29435.00,30325.00,30325.00,8509
Apr 10 2023,28505.00,29670.00,28265.00,29420.00,29420.00,9746
Apr 6 2023,28350.00,28350.00,27765.00,28140.00,28140.00,1295
Apr 5 2023,28390.00,28985.00,27935.00,28385.00,28385.00,8243
Apr 4 2023,27930.00,28650.00,27855.00,28375.00,28375.00,6996
Apr 3 2023,28540.00,28775.00,27595.00,28265.00,28265.00,7861
Mar 31 2023,28090.00,28625.00,27620.00,28476.50,28476.50,6392
Mar 30 2023,28355.00,29220.00,27680.00,27965.00,27965.00,9730
Mar 29 2023,27170.00,28685.00,27170.00,28440.00,28440.00,9845
Mar 28 2023,27175.00,27545.00,26650.00,27455.00,27455.00,9898
Mar 27 2023,27960.00,28240.00,26520.00,26980.00,26980.00,11152
Mar 24 2023,28385.00,28570.00,27480.00,27915.00,27915.00,5845
Mar 23 2023,27200.00,28935.00,27075.00,28550.00,28550.00,11418
Mar 22 2023,28210.00,29045.00,26700.00,26800.00,26800.00,10975
Mar 21 2023,28150.00,28680.00,27555.00,28310.00,28310.00,6288
Mar 20 2023,28095.00,28715.00,27320.00,27945.00,27945.00,9810
Mar 17 2023,25040.00,27155.00,25000.00,27000.00,27000.00,12866
Mar 16 2023,24610.00,25300.00,24250.00,25090.00,25090.00,6503
Mar 15 2023,24655.00,25440.00,24005.00,24490.00,24490.00,13885
Mar 14 2023,24230.00,26615.00,24030.00,25240.00,25240.00,16272
Mar 13 2023,21250.00,24620.00,21110.00,24405.00,24405.00,28142
Mar 10 2023,20300.00,20330.00,19520.00,19965.00,19965.00,13496
Mar 9 2023,21800.00,21850.00,19960.00,20065.00,20065.00,14035
Mar 8 2023,22100.00,22300.00,21880.00,22115.00,22115.00,6280
Mar 7 2023,22455.00,22600.00,21940.00,22070.00,22070.00,6742
Mar 6 2023,22455.00,22665.00,22300.00,22390.00,22390.00,4800
Mar 3 2023,23560.00,23615.00,22020.00,22320.00,22320.00,12038
Mar 2 2023,23645.00,23925.00,23300.00,23590.00,23590.00,4721
Mar 1 2023,23275.00,24165.00,23140.00,23530.00,23530.00,6343
Feb 28 2023,23585.00,23780.00,23150.00,23410.00,23410.00,4903
Feb 27 2023,23565.00,24060.00,23235.00,23445.00,23445.00,6664
Feb 24 2023,23880.00,24100.00,23560.00,23576.05,23576.05,12099
Feb 23 2023,24100.00,24610.00,23620.00,23920.00,23920.00,11773
Feb 22 2023,24395.00,24495.00,23590.00,23800.00,23800.00,13563
Feb 21 2023,24505.00,25335.00,23905.00,24490.00,24490.00,19029
Feb 17 2023,24080.00,25095.00,23430.00,24870.00,24870.00,12414
Feb 16 2023,24285.00,25345.00,24245.00,24640.00,24640.00,16546
Feb 15 2023,22270.00,24415.00,22100.00,24250.00,24250.00,10953
Feb 14 2023,21700.00,22375.00,21575.00,22335.00,22335.00,8590
Feb 13 2023,21820.00,21930.00,21380.00,21710.00,21710.00,7442
Feb 10 2023,21825.00,21970.00,21505.00,21775.00,21775.00,6154
Feb 9 2023,23015.00,23085.00,21720.00,22010.00,22010.00,10270
Feb 8 2023,23300.00,23540.00,22695.00,22885.00,22885.00,5590
Feb 7 2023,22960.00,23460.00,22725.00,23300.00,23300.00,5725
Feb 6 2023,23100.00,23275.00,22755.00,23110.00,23110.00,4857
Feb 3 2023,23665.00,23890.00,23340.00,23485.00,23485.00,6471
Feb 2 2023,23940.00,24450.00,23550.00,24005.00,24005.00,7693
Feb 1 2023,23335.00,23965.00,22905.00,23755.00,23755.00,5605
Jan 31 2023,22870.00,23410.00,22850.00,23250.00,23250.00,3489
Jan 30 2023,23900.00,24080.00,22715.00,22825.00,22825.00,5865
Jan 27 2023,22955.00,23090.00,22545.00,23052.73,23052.73,7950
Jan 26 2023,23100.00,23285.00,22835.00,23075.00,23075.00,11146
Jan 25 2023,22770.00,23770.00,22345.00,22940.00,22940.00,10974
Jan 24 2023,22990.00,23210.00,22775.00,23065.00,23065.00,7975
Jan 23 2023,22605.00,23240.00,22585.00,23090.00,23090.00,10731
Jan 20 2023,21155.00,22525.00,20935.00,22390.00,22390.00,9472
Jan 19 2023,20905.00,21275.00,20730.00,21200.00,21200.00,5319
Jan 18 2023,21325.00,21795.00,20460.00,20800.00,20800.00,13106
Jan 17 2023,20985.00,21725.00,20690.00,21485.00,21485.00,12709
Jan 13 2023,18945.00,19995.00,18785.00,19550.00,19550.00,7033
Jan 12 2023,17625.00,19200.00,17615.00,19155.00,19155.00,14036
Jan 11 2023,17490.00,17635.00,17330.00,17615.00,17615.00,4674
Jan 10 2023,17180.00,17555.00,17135.00,17535.00,17535.00,5068
Jan 9 2023,16980.00,17440.00,16955.00,17225.00,17225.00,7471
Jan 6 2023,16825.00,17085.00,16645.00,16895.00,16895.00,6144
Jan 5 2023,16810.00,16890.00,16715.00,16840.00,16840.00,3408
Jan 4 2023,16625.00,17015.00,16610.00,16780.00,16780.00,7387
Jan 3 2023,16675.00,16765.00,16525.00,16615.00,16615.00,4086
Dec 30 2022,16615.00,16625.00,16285.00,16498.08,16498.08,6062
Dec 29 2022,16510.00,16640.00,16435.00,16585.00,16585.00,6599
Dec 28 2022,16640.00,16760.00,16420.00,16570.00,16570.00,9933
Dec 27 2022,16825.00,16950.00,16515.00,16595.00,16595.00,7685
Dec 23 2022,16760.00,16910.00,16695.00,16780.00,16780.00,5712
Dec 22 2022,16725.00,16850.00,16460.00,16735.00,16735.00,5529
Dec 21 2022,16870.00,16885.00,16670.00,16735.00,16735.00,2295
Dec 20 2022,16325.00,17095.00,16275.00,16840.00,16840.00,5601
Dec 19 2022,16690.00,16770.00,16395.00,16495.00,16495.00,4393
Dec 16 2022,17340.00,17525.00,16675.00,16775.00,16775.00,7266
Dec 15 2022,17840.00,17875.00,17290.00,17395.00,17395.00,5851
Dec 14 2022,17775.00,18420.00,17680.00,17795.00,17795.00,7805
Dec 13 2022,17170.00,18125.00,17050.00,17745.00,17745.00,9178
Dec 12 2022,17080.00,17220.00,16820.00,17115.00,17115.00,4191
Dec 9 2022,17240.00,17355.00,17005.00,17035.00,17035.00,4444
Dec 8 2022,16760.00,17320.00,16665.00,17185.00,17185.00,7120
Dec 7 2022,16935.00,17090.00,16580.00,16725.00,16725.00,3966
Dec 6 2022,16865.00,17025.00,16800.00,16945.00,16945.00,3720
Dec 5 2022,17020.00,17435.00,16750.00,16825.00,16825.00,6335
Dec 2 2022,16870.00,17055.00,16055.00,16995.00,16995.00,3869
Dec 1 2022,17190.00,17235.00,16760.00,16820.00,16820.00,6039
Nov 30 2022,16235.00,17140.00,16160.00,17080.00,17080.00,8018
Nov 29 2022,15920.00,16410.00,15880.00,16265.00,16265.00,4649
Nov 28 2022,16335.00,16375.00,15630.00,15990.00,15990.00,6804
Nov 25 2022,16470.00,16805.00,16340.00,16512.29,16512.29,3599
Nov 23 2022,16115.00,16705.00,16080.00,16610.00,16610.00,9969
Nov 22 2022,15645.00,16295.00,15515.00,16055.00,16055.00,12763
Nov 21 2022,16155.00,16265.00,15355.00,15690.00,15690.00,12988
Nov 18 2022,16545.00,16880.00,16365.00,16530.00,16530.00,6052
Nov 17 2022,16370.00,16610.00,16115.00,16520.00,16520.00,5977
Nov 16 2022,16715.00,16855.00,16015.00,16285.00,16285.00,7008
Nov 15 2022,16085.00,16990.00,16085.00,16690.00,16690.00,7408
Nov 14 2022,15870.00,16740.00,15250.00,16005.00,16005.00,7191
Nov 11 2022,17460.00,17480.00,15715.00,16050.00,16050.00,12252
Nov 10 2022,15440.00,17935.00,15230.00,17780.00,17780.00,18015
Nov 9 2022,18480.00,18565.00,14925.00,15615.00,15615.00,29101
Nov 8 2022,20500.00,20700.00,16835.00,18080.00,18080.00,44896
Nov 7 2022,21200.00,21215.00,20635.00,20845.00,20845.00,6250
Nov 4 2022,20280.00,21400.00,20185.00,21155.00,21155.00,16426
Nov 3 2022,20165.00,20415.00,20030.00,20285.00,20285.00,7002
Nov 2 2022,20500.00,20870.00,20105.00,20265.00,20265.00,9266
Nov 1 2022,20430.00,20725.00,20320.00,20480.00,20480.00,4663
Oct 31 2022,20715.00,20890.00,20220.00,20380.00,20380.00,7208
Oct 28 2022,20385.00,20560.00,19965.00,20478.44,20478.44,8559
Oct 27 2022,20735.00,20935.00,20245.00,20625.00,20625.00,10277
Oct 26 2022,20215.00,21055.00,20015.00,20780.00,20780.00,16618
Oct 25 2022,19310.00,20445.00,19230.00,20305.00,20305.00,18642
Oct 24 2022,19470.00,19695.00,19130.00,19340.00,19340.00,11740
Oct 21 2022,19050.00,19250.00,18615.00,19195.00,19195.00,10597
Oct 20 2022,19150.00,19340.00,18875.00,19030.00,19030.00,9380
Oct 19 2022,19255.00,19340.00,19035.00,19200.00,19200.00,5612
Oct 18 2022,19525.00,19715.00,19045.00,19180.00,19180.00,8664
Oct 17 2022,19070.00,19680.00,19070.00,19515.00,19515.00,7538
Oct 14 2022,19415.00,19975.00,19065.00,19110.00,19110.00,14027
Oct 13 2022,19150.00,19575.00,17810.00,19360.00,19360.00,23505
Oct 12 2022,18935.00,19145.00,18900.00,19095.00,19095.00,5182
Oct 11 2022,19165.00,19225.00,18760.00,18900.00,18900.00,9226
Oct 10 2022,19390.00,19465.00,19015.00,19125.00,19125.00,7446
Oct 7 2022,19870.00,20080.00,19260.00,19410.00,19410.00,11120
Oct 6 2022,20085.00,20515.00,19870.00,20025.00,20025.00,9200
Oct 5 2022,20385.00,20440.00,19740.00,20140.00,20140.00,9665
Oct 4 2022,19535.00,20535.00,19515.00,20285.00,20285.00,11729
Oct 3 2022,19190.00,19690.00,18785.00,19525.00,19525.00,12200
Sep 30 2022,19510.00,19725.00,19185.00,19698.60,19698.60,12261
Sep 29 2022,19630.00,19700.00,18820.00,19405.00,19405.00,10690
Sep 28 2022,18975.00,19685.00,18440.00,19565.00,19565.00,14508
Sep 27 2022,19060.00,20400.00,18775.00,19045.00,19045.00,18567
Sep 26 2022,18700.00,19300.00,18545.00,19180.00,19180.00,11533
Sep 23 2022,19200.00,19495.00,18455.00,18745.00,18745.00,9164
Sep 22 2022,18510.00,19475.00,18085.00,19295.00,19295.00,9042
Sep 21 2022,18880.00,19885.00,18670.00,18980.00,18980.00,15361
Sep 20 2022,19525.00,19640.00,18690.00,18950.00,18950.00,8868
Sep 19 2022,19490.00,19620.00,18195.00,19480.00,19480.00,12241
Sep 16 2022,19750.00,19865.00,19275.00,19575.00,19575.00,6561
Sep 15 2022,20130.00,20345.00,19450.00,19730.00,19730.00,7042
Sep 14 2022,20110.00,20500.00,19585.00,19925.00,19925.00,7625
Sep 13 2022,22390.00,22875.00,20050.00,20240.00,20240.00,15358
Sep 12 2022,21500.00,22530.00,21500.00,22455.00,22455.00,8764
Sep 9 2022,19010.00,21485.00,19010.00,21345.00,21345.00,16199
Sep 8 2022,19170.00,19400.00,18905.00,19260.00,19260.00,7811
Sep 7 2022,18780.00,19365.00,18360.00,18925.00,18925.00,6749
Sep 6 2022,19745.00,20080.00,18480.00,18635.00,18635.00,15290
Sep 2 2022,19975.00,20390.00,19555.00,19775.00,19775.00,9765
Sep 1 2022,20130.00,20145.00,19310.00,19695.00,19695.00,7103
Aug 31 2022,19745.00,20400.00,19585.00,20065.00,20065.00,7256
Aug 30 2022,19985.00,20630.00,19345.00,19770.00,19770.00,7230
Aug 29 2022,19890.00,20315.00,19345.00,19965.00,19965.00,7992
Aug 26 2022,21425.00,21865.00,21035.00,21417.89,21417.89,13737
Aug 25 2022,21610.00,21810.00,21290.00,21565.00,21565.00,7808
Aug 24 2022,21480.00,21900.00,21125.00,21710.00,21710.00,9887
Aug 23 2022,21055.00,21660.00,20790.00,21490.00,21490.00,8565
Aug 22 2022,21420.00,21595.00,20805.00,20965.00,20965.00,7314
Aug 19 2022,23330.00,23370.00,21035.00,21230.00,21230.00,11296
Aug 18 2022,23260.00,23590.00,23210.00,23335.00,23335.00,3984
Aug 17 2022,23960.00,24465.00,23145.00,23230.00,23230.00,8565
Aug 16 2022,24060.00,24265.00,23640.00,23945.00,23945.00,5100
Aug 15 2022,24360.00,25270.00,23890.00,24000.00,24000.00,7443
Aug 12 2022,24225.00,24315.00,23600.00,24240.00,24240.00,4938
Aug 11 2022,24000.00,24980.00,23840.00,24245.00,24245.00,9242
Aug 10 2022,23200.00,24240.00,22630.00,23655.00,23655.00,9528
Aug 9 2022,23880.00,23965.00,22850.00,23060.00,23060.00,8218
Aug 8 2022,23310.00,24355.00,23085.00,23985.00,23985.00,7581
Aug 5 2022,22505.00,23555.00,22475.00,22960.00,22960.00,8818
Aug 4 2022,23370.00,23370.00,22405.00,22455.00,22455.00,7914
Aug 3 2022,23175.00,23705.00,22730.00,23540.00,23540.00,6020
Aug 2 2022,23050.00,23510.00,22685.00,23000.00,23000.00,5487
Aug 1 2022,23655.00,23685.00,22895.00,23030.00,23030.00,5781
Jul 29 2022,23950.00,24490.00,23460.00,24082.45,24082.45,7464
Jul 28 2022,22785.00,24230.00,22620.00,23805.00,23805.00,11797
Jul 27 2022,21015.00,23120.00,21000.00,22780.00,22780.00,13017
Jul 26 2022,22045.00,22045.00,20715.00,20915.00,20915.00,11713
Jul 25 2022,22830.00,23035.00,21580.00,21885.00,21885.00,10395
Jul 22 2022,23210.00,23800.00,22540.00,22615.00,22615.00,6639
Jul 21 2022,23595.00,23685.00,22365.00,23230.00,23230.00,7350
Jul 20 2022,23650.00,24300.00,22930.00,23695.00,23695.00,10139
Jul 19 2022,21660.00,23725.00,21575.00,23460.00,23460.00,11774
Jul 18 2022,21080.00,22785.00,20750.00,21620.00,21620.00,10033
Jul 15 2022,20440.00,21215.00,20360.00,21190.00,21190.00,6272
Jul 14 2022,19890.00,20885.00,19585.00,20625.00,20625.00,10781
Jul 13 2022,19290.00,20090.00,18830.00,19615.00,19615.00,12021
Jul 12 2022,20190.00,20190.00,19215.00,19315.00,19315.00,7721
Jul 11 2022,21045.00,21045.00,20215.00,20455.00,20455.00,7657
Jul 8 2022,21670.00,22550.00,21160.00,21765.00,21765.00,9678
Jul 7 2022,20360.00,21890.00,20245.00,21855.00,21855.00,8758
Jul 6 2022,20310.00,20450.00,19730.00,20275.00,20275.00,5808
Jul 5 2022,19270.00,20740.00,18985.00,20390.00,20390.00,15041
Jul 1 2022,18700.00,20790.00,18630.00,19315.00,19315.00,10646
Jun 30 2022,20240.00,20295.00,18525.00,18760.00,18760.00,10284
Jun 29 2022,20290.00,20405.00,19775.00,20185.00,20185.00,6703
Jun 28 2022,20765.00,21195.00,20125.00,20175.00,20175.00,5868
Jun 27 2022,21360.00,21530.00,20420.00,20800.00,20800.00,5894
Jun 24 2022,20740.00,21535.00,20740.00,21206.90,21206.90,7037
Jun 23 2022,19945.00,21090.00,19875.00,20900.00,20900.00,10083
Jun 22 2022,20920.00,20920.00,19760.00,20105.00,20105.00,13382
Jun 21 2022,20390.00,21715.00,19600.00,20860.00,20860.00,18029
Jun 17 2022,20645.00,21315.00,20145.00,20470.00,20470.00,8720
Jun 16 2022,22165.00,22945.00,20435.00,20790.00,20790.00,9773
Jun 15 2022,21460.00,22385.00,20025.00,21625.00,21625.00,19873
Jun 14 2022,23010.00,23290.00,20775.00,22125.00,22125.00,16480
Jun 13 2022,27355.00,27365.00,22490.00,23110.00,23110.00,18646
Jun 10 2022,30085.00,31025.00,28740.00,28920.00,28920.00,8031
Jun 9 2022,30320.00,30665.00,29880.00,29945.00,29945.00,4174
Jun 8 2022,31460.00,31580.00,29775.00,30080.00,30080.00,7937
Jun 7 2022,31500.00,31575.00,29130.00,31045.00,31045.00,11270
Jun 6 2022,29900.00,31805.00,29820.00,31490.00,31490.00,9293
Jun 3 2022,30355.00,30725.00,29165.00,29535.00,29535.00,6335
Jun 2 2022,29535.00,30435.00,29480.00,30290.00,30290.00,6669
Jun 1 2022,31700.00,32020.00,29265.00,30035.00,30035.00,7625
May 31 2022,29170.00,32455.00,29110.00,31650.00,31650.00,14873
May 27 2022,29550.00,29605.00,28630.00,29042.23,29042.23,8360
May 26 2022,29750.00,29895.00,27995.00,29315.00,29315.00,12168
May 25 2022,29585.00,30225.00,29300.00,29535.00,29535.00,9662
May 24 2022,29235.00,29580.00,28570.00,29305.00,29305.00,11237
May 23 2022,30010.00,30680.00,28960.00,29015.00,29015.00,11285
May 20 2022,30235.00,30715.00,28635.00,29260.00,29260.00,9098
May 19 2022,29025.00,30510.00,28555.00,29945.00,29945.00,8809
May 18 2022,30560.00,30650.00,28650.00,29185.00,29185.00,7228
May 17 2022,30130.00,30745.00,29420.00,30000.00,30000.00,7459
May 16 2022,31000.00,31400.00,29020.00,29505.00,29505.00,6177
May 13 2022,28255.00,31000.00,28230.00,30035.00,30035.00,6899
May 12 2022,28860.00,30100.00,25350.00,28585.00,28585.00,15142
May 11 2022,30195.00,32140.00,28105.00,29195.00,29195.00,19281
May 10 2022,30960.00,32615.00,29700.00,31280.00,31280.00,7243
May 9 2022,34455.00,34455.00,30300.00,30930.00,30930.00,12896
May 6 2022,36405.00,36595.00,35180.00,35925.00,35925.00,5712
May 5 2022,39795.00,39860.00,35520.00,36270.00,36270.00,10002
May 4 2022,37725.00,40100.00,37535.00,39900.00,39900.00,8011
May 3 2022,38685.00,38810.00,37420.00,37635.00,37635.00,4864
May 2 2022,38350.00,39180.00,38005.00,38540.00,38540.00,4364
Apr 29 2022,39785.00,39840.00,38595.00,38997.34,38997.34,4974
Apr 28 2022,39220.00,40440.00,38900.00,39920.00,39920.00,8547
Apr 27 2022,38210.00,39475.00,37665.00,38900.00,38900.00,6779
Apr 26 2022,40210.00,40765.00,37665.00,38220.00,38220.00,10107
Apr 25 2022,39595.00,40400.00,38190.00,40210.00,40210.00,7333
Apr 22 2022,40650.00,40815.00,39165.00,39455.00,39455.00,4525
Apr 21 2022,41550.00,43010.00,40610.00,41245.00,41245.00,5772
Apr 20 2022,41335.00,42295.00,40895.00,41235.00,41235.00,3726
Apr 19 2022,40825.00,41820.00,40585.00,41520.00,41520.00,3695
Apr 18 2022,40150.00,41125.00,38535.00,40700.00,40700.00,5796
Apr 14 2022,41240.00,41540.00,39565.00,39825.00,39825.00,3012
Apr 13 2022,39650.00,41590.00,39560.00,41120.00,41120.00,5018
Apr 12 2022,39410.00,40805.00,39190.00,39290.00,39290.00,5562
Apr 11 2022,42710.00,42805.00,39460.00,39955.00,39955.00,5945
Apr 8 2022,43565.00,44090.00,42445.00,42715.00,42715.00,5079
Apr 7 2022,43880.00,43885.00,42720.00,43380.00,43380.00,4605
Apr 6 2022,45995.00,46060.00,43130.00,43775.00,43775.00,7113
Apr 5 2022,46600.00,47445.00,45550.00,46140.00,46140.00,7492
Apr 4 2022,47225.00,47610.00,45205.00,46085.00,46085.00,5287
Apr 1 2022,45865.00,46910.00,44345.00,46550.00,46550.00,5689
Mar 31 2022,47220.00,47875.00,45620.00,45735.00,45735.00,5480
Mar 30 2022,47430.00,48000.00,46715.00,47240.00,47240.00,4074
Mar 29 2022,47970.00,48390.00,47235.00,47930.00,47930.00,4677
Mar 28 2022,46740.00,48475.00,46550.00,48190.00,48190.00,6528
Mar 25 2022,43975.00,45170.00,43625.00,44504.00,44504.00,5774
Mar 24 2022,42430.00,44340.00,42345.00,43965.00,43965.00,11117
Mar 23 2022,42880.00,42985.00,41815.00,42250.00,42250.00,8001
Mar 22 2022,41335.00,43490.00,40885.00,42390.00,42390.00,10059
Mar 21 2022,41445.00,41595.00,40555.00,41220.00,41220.00,5712
Mar 18 2022,41050.00,42360.00,40180.00,42095.00,42095.00,5113
Mar 17 2022,41200.00,41520.00,40570.00,40885.00,40885.00,2547
Mar 16 2022,39725.00,41765.00,38810.00,40920.00,40920.00,8470
Mar 15 2022,38725.00,39935.00,38085.00,39760.00,39760.00,4604
Mar 14 2022,38725.00,39340.00,37495.00,38830.00,38830.00,4213
Mar 11 2022,39530.00,40260.00,38240.00,38325.00,38325.00,5471
Mar 10 2022,42055.00,42245.00,38555.00,39630.00,39630.00,5922
Mar 9 2022,38540.00,42715.00,38540.00,41920.00,41920.00,7469
Mar 8 2022,38110.00,39410.00,37895.00,38505.00,38505.00,5230
Mar 7 2022,39060.00,39540.00,37180.00,37540.00,37540.00,5831
Mar 4 2022,42495.00,42640.00,39090.00,39545.00,39545.00,5656
Mar 3 2022,44205.00,44325.00,41870.00,42080.00,42080.00,6109
Mar 2 2022,44205.00,45455.00,43420.00,43925.00,43925.00,6395
Mar 1 2022,43100.00,45110.00,42930.00,44240.00,44240.00,8747
Feb 28 2022,37860.00,42055.00,37205.00,42000.00,42000.00,9471
Feb 25 2022,38110.00,39645.00,37900.00,39202.09,39202.09,6107
Feb 24 2022,37670.00,39740.00,34295.00,38360.00,38360.00,14197
Feb 23 2022,37890.00,39235.00,37365.00,37660.00,37660.00,9503
Feb 22 2022,38860.00,39460.00,36340.00,37915.00,37915.00,12994
Feb 18 2022,40675.00,41000.00,39485.00,39945.00,39945.00,7267
Feb 17 2022,44075.00,44275.00,40090.00,40900.00,40900.00,6682
Feb 16 2022,44210.00,44860.00,43350.00,44175.00,44175.00,3894
Feb 15 2022,42665.00,44620.00,42495.00,44215.00,44215.00,4089
Feb 14 2022,42470.00,42930.00,41560.00,42205.00,42205.00,5402
Feb 11 2022,43950.00,44145.00,42075.00,42390.00,42390.00,6220
Feb 10 2022,44640.00,45905.00,43270.00,44180.00,44180.00,8449
Feb 9 2022,44235.00,44900.00,43210.00,44855.00,44855.00,4103
Feb 8 2022,44110.00,45605.00,42780.00,44340.00,44340.00,5873
Feb 7 2022,41420.00,44615.00,41420.00,44235.00,44235.00,7457
Feb 4 2022,36930.00,40935.00,36895.00,40640.00,40640.00,9595
Feb 3 2022,36970.00,37100.00,36235.00,36265.00,36265.00,4222
Feb 2 2022,38685.00,38900.00,36515.00,37535.00,37535.00,4396
Feb 1 2022,38450.00,39275.00,38055.00,38585.00,38585.00,4095
Jan 31 2022,37845.00,38790.00,36620.00,38485.00,38485.00,4094
Jan 28 2022,36535.00,37415.00,36215.00,37075.89,37075.89,5566
Jan 27 2022,36555.00,37210.00,35485.00,35565.00,35565.00,8331
Jan 26 2022,36765.00,38895.00,36330.00,37060.00,37060.00,10251
Jan 25 2022,36490.00,37550.00,35725.00,36855.00,36855.00,8969
Jan 24 2022,35555.00,37600.00,32855.00,37220.00,37220.00,16299
Jan 21 2022,41125.00,41135.00,36150.00,38180.00,38180.00,11781
Jan 20 2022,41940.00,43545.00,41260.00,42675.00,42675.00,7229
Jan 19 2022,42430.00,42615.00,41080.00,41575.00,41575.00,6542
Jan 18 2022,43270.00,43315.00,41175.00,41665.00,41665.00,6821
Jan 14 2022,42620.00,43445.00,41680.00,43120.00,43120.00,4202
Jan 13 2022,43880.00,44450.00,42280.00,42675.00,42675.00,4068
Jan 12 2022,42695.00,44310.00,42455.00,43825.00,43825.00,4068
Jan 11 2022,41595.00,43155.00,41220.00,42805.00,42805.00,6191
Jan 10 2022,42205.00,42245.00,39470.00,41745.00,41745.00,8665
Jan 7 2022,43170.00,43240.00,40470.00,41870.00,41870.00,9276
Jan 6 2022,43405.00,43720.00,42375.00,43215.00,43215.00,5222
Jan 5 2022,46100.00,47100.00,43290.00,43830.00,43830.00,8922
Jan 4 2022,46205.00,47650.00,45485.00,46305.00,46305.00,5049
Jan 3 2022,47120.00,47660.00,45680.00,45865.00,45865.00,4161
Dec 31 2021,47055.00,48590.00,46915.00,47977.03,47977.03,3726
Dec 30 2021,47230.00,47970.00,45880.00,47170.00,47170.00,6480
Dec 29 2021,47585.00,48095.00,46550.00,47370.00,47370.00,6913
Dec 28 2021,51025.00,51045.00,47300.00,47755.00,47755.00,7868
Dec 27 2021,51040.00,52200.00,50520.00,51275.00,51275.00,5511
Dec 23 2021,49085.00,51470.00,48035.00,51060.00,51060.00,4756
Dec 22 2021,49280.00,49635.00,48500.00,49045.00,49045.00,2811
Dec 21 2021,46835.00,49390.00,46710.00,48685.00,48685.00,3998
Dec 20 2021,47280.00,47555.00,45515.00,47060.00,47060.00,4303
Dec 17 2021,47870.00,48010.00,45415.00,46250.00,46250.00,4533
Dec 16 2021,48940.00,49500.00,47595.00,48010.00,48010.00,5529
Dec 15 2021,48350.00,49605.00,46570.00,49350.00,49350.00,8301
Dec 14 2021,46950.00,48700.00,46295.00,47870.00,47870.00,5871
Dec 13 2021,50205.00,50480.00,45700.00,46595.00,46595.00,6827
Dec 10 2021,47940.00,50265.00,47325.00,48490.00,48490.00,6036
Dec 9 2021,50400.00,50940.00,47345.00,47675.00,47675.00,5159
Dec 8 2021,50600.00,51370.00,48645.00,50925.00,50925.00,4851
Dec 7 2021,50745.00,52195.00,50360.00,50600.00,50600.00,4985
Dec 6 2021,49265.00,50730.00,47215.00,48960.00,48960.00,9344
Dec 3 2021,57030.00,57945.00,51585.00,53545.00,53545.00,11175
Dec 2 2021,57305.00,57705.00,55990.00,57175.00,57175.00,5835
Dec 1 2021,57660.00,59545.00,56650.00,56990.00,56990.00,6552
Nov 30 2021,58530.00,59680.00,56145.00,57780.00,57780.00,7792
Nov 29 2021,56290.00,59285.00,56290.00,58470.00,58470.00,5946
Nov 26 2021,57000.00,59470.00,53625.00,54465.65,54465.65,11541
Nov 24 2021,57650.00,57765.00,55825.00,57415.00,57415.00,10085
Nov 23 2021,56575.00,57940.00,55375.00,57855.00,57855.00,9700
Nov 22 2021,59100.00,59645.00,55585.00,55815.00,55815.00,11800
Nov 19 2021,56450.00,58410.00,55600.00,57900.00,57900.00,8253
Nov 18 2021,59980.00,61035.00,56600.00,58015.00,58015.00,9180
Nov 17 2021,60700.00,60890.00,58475.00,60485.00,60485.00,6300
Nov 16 2021,63955.00,64025.00,58515.00,59730.00,59730.00,9161
Nov 15 2021,64625.00,66555.00,63415.00,63910.00,63910.00,5438
Nov 12 2021,65400.00,65720.00,62385.00,64235.00,64235.00,6895
Nov 11 2021,65210.00,65895.00,64340.00,65055.00,65055.00,3912
Nov 10 2021,67670.00,69355.00,63020.00,66075.00,66075.00,7709
Nov 9 2021,66715.00,69000.00,66480.00,67625.00,67625.00,5457
Nov 8 2021,62910.00,67035.00,62905.00,66485.00,66485.00,6018
Nov 5 2021,61435.00,62865.00,60905.00,61380.00,61380.00,3534
Nov 4 2021,63450.00,63475.00,60860.00,61360.00,61360.00,5009
Nov 3 2021,63580.00,63965.00,60945.00,63065.00,63065.00,5495
Nov 2 2021,61010.00,64665.00,60900.00,64015.00,64015.00,5238
Nov 1 2021,61995.00,62850.00,59700.00,61615.00,61615.00,4979
Oct 29 2021,61295.00,62030.00,60220.00,61149.26,61149.26,6361
Oct 28 2021,58790.00,62400.00,57855.00,61335.00,61335.00,9715
Oct 27 2021,61255.00,61450.00,57855.00,59065.00,59065.00,12927
Oct 26 2021,62855.00,63345.00,61810.00,61975.00,61975.00,7404
Oct 25 2021,61080.00,63865.00,60820.00,62725.00,62725.00,7184
Oct 22 2021,62890.00,63950.00,60210.00,61080.00,61080.00,10125
Oct 21 2021,66160.00,66960.00,62140.00,62910.00,62910.00,15609
Oct 20 2021,64490.00,67680.00,63830.00,66665.00,66665.00,15201
Oct 19 2021,61905.00,64780.00,61730.00,64660.00,64660.00,15283
Oct 18 2021,61120.00,63230.00,60100.00,61650.00,61650.00,10019
Oct 15 2021,58150.00,63525.00,57250.00,62075.00,62075.00,11665
Oct 14 2021,57700.00,59025.00,57190.00,58195.00,58195.00,6318
Oct 13 2021,56350.00,57950.00,54700.00,57750.00,57750.00,6939
Oct 12 2021,57700.00,58215.00,54370.00,55815.00,55815.00,6691
Oct 11 2021,55330.00,58355.00,54820.00,57990.00,57990.00,5686
Oct 8 2021,54925.00,56815.00,54155.00,55180.00,55180.00,5063
Oct 7 2021,55580.00,56325.00,53855.00,54470.00,54470.00,5323
Oct 6 2021,52165.00,55935.00,50855.00,55700.00,55700.00,9662
Oct 5 2021,49310.00,52165.00,49100.00,51630.00,51630.00,8408
Oct 4 2021,48070.00,50000.00,47180.00,49855.00,49855.00,5865
Oct 1 2021,43735.00,48705.00,43330.00,48390.00,48390.00,9404
Sep 30 2021,41240.00,44175.00,41040.00,43615.00,43615.00,4869
Sep 29 2021,41890.00,42735.00,40785.00,41155.00,41155.00,3694
Sep 28 2021,43215.00,43555.00,41145.00,41600.00,41600.00,4666
Sep 27 2021,43635.00,44580.00,42770.00,43150.00,43150.00,5221
Sep 24 2021,44790.00,45115.00,40855.00,42359.41,42359.41,11471
Sep 23 2021,43255.00,44970.00,43095.00,44785.00,44785.00,5357
Sep 22 2021,41330.00,44025.00,40145.00,43385.00,43385.00,7828
Sep 21 2021,43410.00,43870.00,40085.00,42030.00,42030.00,8523
Sep 20 2021,47415.00,47620.00,42365.00,43780.00,43780.00,8330
Sep 17 2021,47600.00,48225.00,46670.00,47490.00,47490.00,3893
Sep 16 2021,48270.00,48600.00,47050.00,47495.00,47495.00,4538
Sep 15 2021,46700.00,48510.00,46635.00,48190.00,48190.00,3080
Sep 14 2021,45215.00,47025.00,44705.00,46515.00,46515.00,3802
Sep 13 2021,45240.00,46945.00,43310.00,44815.00,44815.00,7363
Sep 10 2021,46545.00,47065.00,44750.00,45675.00,45675.00,4853
Sep 9 2021,46250.00,47465.00,45545.00,46645.00,46645.00,4052
Sep 8 2021,46590.00,47440.00,44500.00,46520.00,46520.00,5680
Sep 7 2021,51755.00,53125.00,43705.00,46780.00,46780.00,13967
Sep 3 2021,49900.00,51260.00,48445.00,50710.00,50710.00,5123
Sep 2 2021,48600.00,50570.00,48400.00,49375.00,49375.00,4772
Sep 1 2021,46940.00,49270.00,46530.00,48320.00,48320.00,4280
Aug 31 2021,48610.00,48610.00,46695.00,47390.00,47390.00,4056
Aug 30 2021,49070.00,49510.00,47460.00,48765.00,48765.00,3419
Aug 27 2021,47205.00,48210.00,46420.00,47952.02,47952.02,5609
Aug 26 2021,48950.00,49345.00,46230.00,46940.00,46940.00,6139
Aug 25 2021,48205.00,49135.00,47065.00,48705.00,48705.00,6128
Aug 24 2021,49520.00,49885.00,47735.00,48210.00,48210.00,5776
Aug 23 2021,48815.00,50585.00,48640.00,49280.00,49280.00,5956
Aug 20 2021,46545.00,49185.00,46370.00,48730.00,48730.00,5402
Aug 19 2021,44530.00,46895.00,43900.00,46700.00,46700.00,6208
Aug 18 2021,44795.00,46105.00,44155.00,44855.00,44855.00,5149
Aug 17 2021,46000.00,47205.00,44570.00,45520.00,45520.00,4393
Aug 16 2021,46905.00,48100.00,45670.00,46095.00,46095.00,4125
Aug 13 2021,44310.00,48005.00,43830.00,46505.00,46505.00,3796
Aug 12 2021,46315.00,46315.00,43780.00,44360.00,44360.00,5190
Aug 11 2021,45755.00,46835.00,45250.00,46455.00,46455.00,3447
Aug 10 2021,45760.00,46800.00,44650.00,45495.00,45495.00,5332
Aug 9 2021,44255.00,46520.00,42890.00,46045.00,46045.00,7172
Aug 6 2021,41095.00,43430.00,39910.00,42970.00,42970.00,6634
Aug 5 2021,39940.00,41480.00,37300.00,40755.00,40755.00,6706
Aug 4 2021,38265.00,39945.00,37465.00,39840.00,39840.00,3669
Aug 3 2021,39180.00,39830.00,37580.00,37965.00,37965.00,5443
Aug 2 2021,41185.00,41500.00,38715.00,39180.00,39180.00,4781
Jul 30 2021,39640.00,40240.00,38455.00,39020.92,39020.92,4892
Jul 29 2021,40165.00,40650.00,39290.00,39675.00,39675.00,6100
Jul 28 2021,38340.00,40940.00,38150.00,40370.00,40370.00,10480
Jul 27 2021,37090.00,38795.00,36425.00,37890.00,37890.00,7578
Jul 26 2021,34475.00,40580.00,34420.00,39480.00,39480.00,17245
Jul 23 2021,32180.00,32930.00,31980.00,32270.00,32270.00,2498
Jul 22 2021,31920.00,32590.00,31680.00,32415.00,32415.00,3232
Jul 21 2021,29625.00,32830.00,29435.00,31620.00,31620.00,9993
Jul 20 2021,30680.00,31015.00,29215.00,29715.00,29715.00,4343
Jul 19 2021,31760.00,31860.00,30280.00,30690.00,30690.00,3945
Jul 16 2021,31700.00,32205.00,30960.00,31925.00,31925.00,4090
Jul 15 2021,32930.00,33180.00,30970.00,31410.00,31410.00,6733
Jul 14 2021,32535.00,33195.00,31515.00,32740.00,32740.00,3546
Jul 13 2021,32830.00,33330.00,32150.00,32215.00,32215.00,3084
Jul 12 2021,34430.00,34830.00,32600.00,32760.00,32760.00,3826
Jul 9 2021,32680.00,33740.00,32295.00,33455.00,33455.00,2662
Jul 8 2021,34200.00,34300.00,32040.00,32960.00,32960.00,5747
Jul 7 2021,33800.00,35140.00,33675.00,34700.00,34700.00,3868
Jul 6 2021,35800.00,35955.00,33315.00,33975.00,33975.00,6997
Jul 2 2021,33460.00,33995.00,32620.00,33285.00,33285.00,3489
Jul 1 2021,34765.00,35185.00,32695.00,33030.00,33030.00,4607
Jun 30 2021,36215.00,36215.00,34020.00,34725.00,34725.00,3880
Jun 29 2021,34680.00,36650.00,34200.00,36430.00,36430.00,4838
Jun 28 2021,32775.00,35325.00,32750.00,34525.00,34525.00,5519
Jun 25 2021,34700.00,35300.00,32630.00,33079.40,33079.40,6633
Jun 24 2021,33220.00,35245.00,32330.00,34805.00,34805.00,6210
Jun 23 2021,32560.00,34835.00,31780.00,32900.00,32900.00,7184
Jun 22 2021,31700.00,33310.00,28800.00,32480.00,32480.00,14889
Jun 21 2021,35555.00,35790.00,31715.00,32560.00,32560.00,9302
Jun 18 2021,37695.00,38175.00,35100.00,35285.00,35285.00,5719
Jun 17 2021,38550.00,39535.00,37315.00,37665.00,37665.00,5646
Jun 16 2021,40025.00,40480.00,38270.00,38565.00,38565.00,6334
Jun 15 2021,40250.00,41335.00,39565.00,39995.00,39995.00,4180
Jun 14 2021,38900.00,41070.00,38705.00,39710.00,39710.00,5935
Jun 11 2021,36725.00,37700.00,35955.00,37325.00,37325.00,3333
Jun 10 2021,36610.00,38460.00,35815.00,36690.00,36690.00,6676
Jun 9 2021,33485.00,36945.00,32420.00,36375.00,36375.00,8450
Jun 8 2021,34130.00,34295.00,30915.00,32910.00,32910.00,11212
Jun 7 2021,36205.00,37015.00,34000.00,35645.00,35645.00,6680
Jun 4 2021,38840.00,39330.00,35590.00,36955.00,36955.00,8164
Jun 3 2021,37835.00,39560.00,37255.00,38715.00,38715.00,4312
Jun 2 2021,36205.00,38340.00,35940.00,38040.00,38040.00,4028
Jun 1 2021,35905.00,37985.00,34250.00,35990.00,35990.00,8098
May 28 2021,38800.00,39180.00,35160.00,36841.35,36841.35,8101
May 27 2021,39025.00,40435.00,37270.00,38845.00,38845.00,6239
May 26 2021,38055.00,40895.00,37875.00,38545.00,38545.00,9284
May 25 2021,38540.00,39885.00,36555.00,37330.00,37330.00,8766
May 24 2021,34280.00,39950.00,33720.00,39750.00,39750.00,10870
May 21 2021,40720.00,42370.00,35135.00,36085.00,36085.00,12908
May 20 2021,38925.00,42420.00,34950.00,40320.00,40320.00,13391
May 19 2021,42915.00,43530.00,30205.00,39340.00,39340.00,26734
May 18 2021,43500.00,45755.00,42280.00,43150.00,43150.00,8310
May 17 2021,45295.00,46620.00,42050.00,44060.00,44060.00,11148
May 14 2021,49215.00,51475.00,48370.00,50190.00,50190.00,5432
May 13 2021,54545.00,54605.00,46395.00,48365.00,48365.00,14808
May 12 2021,56735.00,58140.00,53355.00,54445.00,54445.00,8665
May 11 2021,55690.00,57075.00,54375.00,56805.00,56805.00,5353
May 10 2021,58200.00,59900.00,53595.00,55705.00,55705.00,7951
May 7 2021,56350.00,58845.00,55340.00,57760.00,57760.00,4969
May 6 2021,56950.00,58600.00,55255.00,56180.00,56180.00,5933
May 5 2021,54365.00,58110.00,52830.00,57295.00,57295.00,6056
May 4 2021,57390.00,57755.00,53220.00,54515.00,54515.00,8065
May 3 2021,56985.00,59305.00,56380.00,57765.00,57765.00,5621
Apr 30 2021,53255.00,56565.00,53125.00,56127.49,56127.49,6071
Apr 29 2021,54725.00,55205.00,52335.00,52900.00,52900.00,5604
Apr 28 2021,55265.00,56500.00,53905.00,55410.00,55410.00,6400
Apr 27 2021,53370.00,55420.00,52925.00,54790.00,54790.00,5136
Apr 26 2021,47440.00,54410.00,47440.00,54070.00,54070.00,8341
Apr 23 2021,51505.00,52150.00,47395.00,50845.00,50845.00,10381
Apr 22 2021,54825.00,55645.00,51365.00,52860.00,52860.00,13161
Apr 21 2021,56900.00,57160.00,54325.00,55610.00,55610.00,5859
Apr 20 2021,56335.00,57155.00,53430.00,56715.00,56715.00,9193
Apr 19 2021,57120.00,57750.00,54450.00,56045.00,56045.00,10366
Apr 16 2021,63765.00,64000.00,60165.00,61980.00,61980.00,6631
Apr 15 2021,62795.00,64030.00,62375.00,63840.00,63840.00,4886
Apr 14 2021,63885.00,65520.00,61565.00,62400.00,62400.00,8430
Apr 13 2021,60500.00,64450.00,60300.00,63685.00,63685.00,7145
Apr 12 2021,60000.00,61945.00,59915.00,60545.00,60545.00,6628
Apr 9 2021,58010.00,59405.00,58000.00,58760.00,58760.00,3954
Apr 8 2021,56310.00,58655.00,55910.00,58155.00,58155.00,4605
Apr 7 2021,58300.00,59080.00,55675.00,56310.00,56310.00,11417
Apr 6 2021,59415.00,60350.00,57750.00,58735.00,58735.00,5272
Apr 5 2021,58550.00,60100.00,57155.00,59840.00,59840.00,5908
Apr 1 2021,59580.00,60345.00,58595.00,59615.00,59615.00,4326
Mar 31 2021,59360.00,60540.00,57380.00,59285.00,59285.00,6924
Mar 30 2021,57940.00,60065.00,57585.00,59705.00,59705.00,4634
Mar 29 2021,55360.00,59000.00,55110.00,58210.00,58210.00,7078
Mar 26 2021,52425.00,53765.00,51305.00,53346.33,53346.33,5439
Mar 25 2021,53665.00,53665.00,50360.00,52195.00,52195.00,11144
Mar 24 2021,54580.00,57225.00,53135.00,54645.00,54645.00,8667
Mar 23 2021,54665.00,55895.00,52915.00,54985.00,54985.00,8663
Mar 22 2021,58195.00,58460.00,54105.00,55605.00,55605.00,7201
Mar 19 2021,57950.00,59575.00,56315.00,58975.00,58975.00,6553
Mar 18 2021,58500.00,60280.00,57090.00,57365.00,57365.00,9656
Mar 17 2021,56695.00,58490.00,54285.00,57980.00,57980.00,7704
Mar 16 2021,57005.00,57175.00,53475.00,55910.00,55910.00,7097
Mar 15 2021,58755.00,61255.00,54915.00,56900.00,56900.00,10372
Mar 12 2021,58365.00,58725.00,55380.00,57075.00,57075.00,7966
Mar 11 2021,56980.00,58390.00,54685.00,57955.00,57955.00,7793
Mar 10 2021,54530.00,57815.00,53430.00,56620.00,56620.00,7098
Mar 9 2021,51995.00,55265.00,51895.00,54720.00,54720.00,5572
Mar 8 2021,50580.00,52425.00,49500.00,52145.00,52145.00,7528
Mar 5 2021,48125.00,49745.00,46295.00,49555.00,49555.00,8929
Mar 4 2021,50970.00,52190.00,47425.00,48310.00,48310.00,11795
Mar 3 2021,48035.00,53000.00,47955.00,50900.00,50900.00,6344
Mar 2 2021,49425.00,50550.00,47245.00,47820.00,47820.00,5993
Mar 1 2021,45500.00,49985.00,45150.00,48870.00,48870.00,7199
Feb 26 2021,48165.00,48300.00,44270.00,47001.63,47001.63,10550
Feb 25 2021,48810.00,52040.00,48010.00,49120.00,49120.00,7065
Feb 24 2021,48450.00,51310.00,47010.00,49135.00,49135.00,8076
Feb 23 2021,54515.00,54515.00,44900.00,47660.00,47660.00,18212
Feb 22 2021,57450.00,57790.00,48320.00,53720.00,53720.00,18519
Feb 19 2021,52035.00,56575.00,50695.00,55530.00,55530.00,11457
Feb 18 2021,52680.00,53080.00,51250.00,52340.00,52340.00,8340
Feb 17 2021,49300.00,53210.00,49115.00,52785.00,52785.00,9780
Feb 16 2021,49415.00,51065.00,45950.00,48925.00,48925.00,15414
Feb 12 2021,48000.00,49500.00,46500.00,48040.00,48040.00,7532
Feb 11 2021,45615.00,49215.00,44345.00,47525.00,47525.00,9072
Feb 10 2021,47500.00,48060.00,43950.00,44915.00,44915.00,9743
Feb 9 2021,45210.00,48885.00,45175.00,47765.00,47765.00,11114
Feb 8 2021,39025.00,45500.00,38305.00,44755.00,44755.00,14369
Feb 5 2021,37700.00,38755.00,36895.00,38015.00,38015.00,4767
Feb 4 2021,37660.00,39200.00,36435.00,37915.00,37915.00,6039
Feb 3 2021,36015.00,37790.00,35740.00,37390.00,37390.00,4813
Feb 2 2021,33680.00,36370.00,33605.00,36170.00,36170.00,5830
Feb 1 2021,33315.00,35005.00,32530.00,34000.00,34000.00,6290
Jan 29 2021,33515.00,38755.00,32000.00,37242.30,37242.30,18198
Jan 28 2021,30640.00,33355.00,29860.00,32650.00,32650.00,7271
Jan 27 2021,32655.00,32925.00,29075.00,31475.00,31475.00,13653
Jan 26 2021,32665.00,32845.00,30800.00,31950.00,31950.00,8494
Jan 25 2021,32300.00,34930.00,32035.00,33440.00,33440.00,8771
Jan 22 2021,30825.00,33860.00,28900.00,33580.00,33580.00,12897
Jan 21 2021,35200.00,35740.00,30930.00,31920.00,31920.00,13373
Jan 20 2021,36700.00,36845.00,33435.00,35035.00,35035.00,9615
Jan 19 2021,36250.00,38155.00,34890.00,36595.00,36595.00,14757
Jan 15 2021,39205.00,39980.00,34555.00,35625.00,35625.00,14051
Jan 14 2021,37500.00,40365.00,36915.00,39605.00,39605.00,10507
Jan 13 2021,34055.00,37580.00,32610.00,36375.00,36375.00,9785
Jan 12 2021,34840.00,37050.00,32780.00,34500.00,34500.00,14576
Jan 11 2021,38925.00,39165.00,31105.00,33780.00,33780.00,22205
Jan 8 2021,40275.00,42730.00,37000.00,39520.00,39520.00,15379
Jan 7 2021,36445.00,41000.00,36445.00,39625.00,39625.00,16834
Jan 6 2021,34655.00,37035.00,33780.00,36565.00,36565.00,19469
Jan 5 2021,31655.00,34680.00,30250.00,34515.00,34515.00,8153
Jan 4 2021,33405.00,34170.00,28440.00,31550.00,31550.00,14997
Dec 31 2020,29075.00,29700.00,28230.00,29385.00,29385.00,5529
Dec 30 2020,27315.00,29370.00,27235.00,29155.00,29155.00,13789
Dec 29 2020,26955.00,27450.00,26080.00,27210.00,27210.00,7633
Dec 28 2020,26650.00,27900.00,26535.00,27110.00,27110.00,17470
Dec 24 2020,23250.00,23475.00,22715.00,23196.73,23196.73979
Dec 23 2020,23495.00,24175.00,22800.00,23510.00,23510.00,6882
Dec 22 2020,23260.00,23645.00,22430.00,23445.00,23445.00,11075
Dec 21 2020,23605.00,24210.00,21950.00,22880.00,22880.00,12956
Dec 18 2020,23050.00,23415.00,22435.00,22860.00,22860.00,7105
Dec 17 2020,21460.00,23915.00,21320.00,22870.00,22870.00,16832
Dec 16 2020,19505.00,21430.00,19340.00,20930.00,20930.00,12919
Dec 15 2020,19340.00,19675.00,19120.00,19560.00,19560.00,5817
Dec 14 2020,19155.00,19430.00,19080.00,19270.00,19270.00,6124
Dec 11 2020,18415.00,18460.00,17575.00,18020.00,18020.00,6058
Dec 10 2020,18630.00,18750.00,17940.00,18440.00,18440.00,6953
Dec 9 2020,18685.00,18685.00,17705.00,18420.00,18420.00,6752
Dec 8 2020,19215.00,19475.00,18695.00,18825.00,18825.00,7325
Dec 7 2020,19205.00,19615.00,19020.00,19170.00,19170.00,5213
Dec 4 2020,19680.00,19750.00,18830.00,19100.00,19100.00,7567
Dec 3 2020,19340.00,19880.00,19070.00,19565.00,19565.00,7203
Dec 2 2020,19155.00,19585.00,18560.00,19295.00,19295.00,7994
Dec 1 2020,19800.00,20360.00,18300.00,19275.00,19275.00,13563
Nov 30 2020,18275.00,20260.00,18275.00,19730.00,19730.00,12034
Nov 27 2020,18865.00,18935.00,16230.00,16627.53,16627.53,16490
Nov 25 2020,19135.00,19605.00,18640.00,18915.00,18915.00,12217
Nov 24 2020,18455.00,19515.00,18075.00,19110.00,19110.00,14152
Nov 23 2020,18625.00,18850.00,18040.00,18410.00,18410.00,12524
Nov 20 2020,17910.00,18880.00,17740.00,18685.00,18685.00,9867
Nov 19 2020,17905.00,18260.00,17375.00,18095.00,18095.00,6743
Nov 18 2020,17675.00,18540.00,17235.00,17685.00,17685.00,12925
Nov 17 2020,16795.00,17930.00,16620.00,17730.00,17730.00,9408
Nov 16 2020,16035.00,16935.00,15915.00,16895.00,16895.00,5400
Nov 13 2020,16350.00,16585.00,16025.00,16270.00,16270.00,4062
Nov 12 2020,16000.00,16300.00,15520.00,16240.00,16240.00,6412
Nov 11 2020,15450.00,16090.00,15350.00,15805.00,15805.00,6198
Nov 10 2020,15435.00,15595.00,15130.00,15355.00,15355.00,5971
Nov 9 2020,15665.00,16005.00,14880.00,15450.00,15450.00,12353
Nov 6 2020,15685.00,16155.00,15350.00,15630.00,15630.00,8143
Nov 5 2020,14165.00,15505.00,14165.00,15260.00,15260.00,7463
Nov 4 2020,13925.00,14420.00,13635.00,14200.00,14200.00,9531
Nov 3 2020,13730.00,13950.00,13390.00,13845.00,13845.00,3731
Nov 2 2020,13955.00,14065.00,13370.00,13790.00,13790.00,5042
Oct 30 2020,13530.00,13660.00,13150.00,13478.63,13478.63,5823
Oct 29 2020,13200.00,13665.00,12995.00,13505.00,13505.00,6884
Oct 28 2020,13680.00,13870.00,12885.00,13175.00,13175.00,10745
Oct 27 2020,13050.00,13780.00,13025.00,13685.00,13685.00,9034
Oct 26 2020,13100.00,13300.00,12805.00,13045.00,13045.00,6031
Oct 23 2020,13220.00,13260.00,12775.00,12970.00,12970.00,3793
Oct 22 2020,12965.00,13285.00,12725.00,13155.00,13155.00,7369
Oct 21 2020,11995.00,13005.00,11960.00,12755.00,12755.00,10223
Oct 20 2020,11795.00,12110.00,11740.00,11970.00,11970.00,4060
Oct 19 2020,11505.00,11910.00,11470.00,11755.00,11755.00,6876
Oct 16 2020,11610.00,11610.00,11225.00,11360.00,11360.00,5373
Oct 15 2020,11440.00,11695.00,11315.00,11595.00,11595.00,3418
Oct 14 2020,11500.00,11630.00,11340.00,11410.00,11410.00,3466
Oct 13 2020,11760.00,11805.00,11355.00,11440.00,11440.00,4170
Oct 12 2020,11360.00,11700.00,11280.00,11630.00,11630.00,6338
Oct 9 2020,10950.00,11205.00,10910.00,11110.00,11110.00,3469
Oct 8 2020,10735.00,11065.00,10580.00,10955.00,10955.00,5066
Oct 7 2020,10600.00,10760.00,10595.00,10720.00,10720.00,2260
Oct 6 2020,10815.00,10890.00,10565.00,10630.00,10630.00,4093
Oct 5 2020,10700.00,10865.00,10670.00,10815.00,10815.00,4462
Oct 2 2020,10615.00,10705.00,10410.00,10550.00,10550.00,5867
Oct 1 2020,10835.00,11060.00,10430.00,10645.00,10645.00,11708
Sep 30 2020,10850.00,10940.00,10725.00,10770.00,10770.00,5671
Sep 29 2020,10970.00,10990.00,10680.00,10815.00,10815.00,4764
Sep 28 2020,10800.00,11080.00,10795.00,10960.00,10960.00,4100
Sep 25 2020,10630.00,10805.00,10560.00,10606.77,10606.77,6120
Sep 24 2020,10240.00,10750.00,10190.00,10670.00,10670.00,8985
Sep 23 2020,10545.00,10550.00,10140.00,10280.00,10280.00,7721
Sep 22 2020,10485.00,10525.00,10350.00,10495.00,10495.00,4081
Sep 21 2020,10885.00,11005.00,10265.00,10485.00,10485.00,12875
Sep 18 2020,10975.00,11075.00,10815.00,10880.00,10880.00,4499
Sep 17 2020,11045.00,11075.00,10755.00,10950.00,10950.00,7179
Sep 16 2020,10890.00,11150.00,10690.00,11015.00,11015.00,7056
Sep 15 2020,10750.00,10975.00,10645.00,10815.00,10815.00,4052
Sep 14 2020,10315.00,10805.00,10270.00,10705.00,10705.00,6525
Sep 11 2020,10370.00,10420.00,10215.00,10340.00,10340.00,4819
Sep 10 2020,10285.00,10565.00,10215.00,10315.00,10315.00,7860
Sep 9 2020,10060.00,10385.00,9850.00,10320.00,10320.00,5218
Sep 8 2020,10425.00,10475.00,9890.00,10015.00,10015.00,14549
Sep 4 2020,10780.00,10785.00,9905.00,10620.00,10620.00,15668
Sep 3 2020,11440.00,11530.00,10460.00,10720.00,10720.00,15412
Sep 2 2020,12135.00,12175.00,11165.00,11460.00,11460.00,17210
Sep 1 2020,11755.00,12200.00,11625.00,12075.00,12075.00,8919
Aug 31 2020,11735.00,11915.00,11705.00,11835.00,11835.00,4865
Aug 28 2020,11335.00,11525.00,11280.00,11449.06,11449.06,7783
Aug 27 2020,11495.00,11610.00,11125.00,11270.00,11270.00,9007
Aug 26 2020,11300.00,11570.00,11260.00,11480.00,11480.00,6639
Aug 25 2020,11765.00,11810.00,11115.00,11310.00,11310.00,12762
Aug 24 2020,11695.00,11865.00,11595.00,11770.00,11770.00,7416
Aug 21 2020,12125.00,12125.00,11600.00,11695.00,11695.00,9663
Aug 20 2020,11740.00,11950.00,11710.00,11895.00,11895.00,4860
Aug 19 2020,12100.00,12150.00,11580.00,11690.00,11690.00,10164
Aug 18 2020,12470.00,12555.00,11850.00,12035.00,12035.00,10621
Aug 17 2020,11950.00,12635.00,11905.00,12485.00,12485.00,8883
Aug 14 2020,11765.00,12000.00,11740.00,11935.00,11935.00,9980
Aug 13 2020,11600.00,11760.00,11340.00,11590.00,11590.00,5062
Aug 12 2020,11340.00,11745.00,11220.00,11665.00,11665.00,6069
Aug 11 2020,12005.00,12090.00,11190.00,11435.00,11435.00,10291
Aug 10 2020,11800.00,12220.00,11645.00,12015.00,12015.00,9860
Aug 7 2020,11990.00,12085.00,11395.00,11575.00,11575.00,10007
Aug 6 2020,11930.00,12085.00,11705.00,12040.00,12040.00,4902
Aug 5 2020,11385.00,11975.00,11190.00,11850.00,11850.00,11366
Aug 4 2020,11560.00,11600.00,11125.00,11370.00,11370.00,6915
Aug 3 2020,11350.00,11720.00,11180.00,11620.00,11620.00,5333
Jul 31 2020,11155.00,11245.00,10985.00,11207.51,11207.51,9692
Jul 30 2020,11350.00,11405.00,10835.00,11145.00,11145.00,7340
Jul 29 2020,11060.00,11350.00,10890.00,11240.00,11240.00,9081
Jul 28 2020,11080.00,11540.00,10635.00,11035.00,11035.00,15293
Jul 27 2020,9925.00,11055.00,9925.00,10895.00,10895.00,16157
Jul 24 2020,9665.00,9665.00,9505.00,9615.00,9615.00,3110
Jul 23 2020,9425.00,9735.00,9425.00,9650.00,9650.00,6653
Jul 22 2020,9415.00,9435.00,9295.00,9425.00,9425.00,3117
Jul 21 2020,9205.00,9480.00,9175.00,9395.00,9395.00,5408
Jul 20 2020,9200.00,9280.00,9155.00,9190.00,9190.00,2432
Jul 17 2020,9130.00,9220.00,9095.00,9195.00,9195.00,1674
Jul 16 2020,9240.00,9265.00,9040.00,9145.00,9145.00,3344
Jul 15 2020,9295.00,9320.00,9165.00,9190.00,9190.00,2330
Jul 14 2020,9275.00,9320.00,9135.00,9310.00,9310.00,2869
Jul 13 2020,9290.00,9410.00,9240.00,9270.00,9270.00,2844
Jul 10 2020,9275.00,9285.00,9145.00,9275.00,9275.00,2296
Jul 9 2020,9505.00,9545.00,9190.00,9255.00,9255.00,5931
Jul 8 2020,9310.00,9570.00,9285.00,9510.00,9510.00,5163
Jul 7 2020,9350.00,9455.00,9250.00,9290.00,9290.00,2975
Jul 6 2020,9100.00,9435.00,9060.00,9355.00,9355.00,6890
Jul 2 2020,9280.00,9335.00,8950.00,9060.00,9060.00,6562
Jul 1 2020,9200.00,9390.00,9140.00,9325.00,9325.00,4789
Jun 30 2020,9255.00,9295.00,9100.00,9185.00,9185.00,2856
Jun 29 2020,9175.00,9240.00,9050.00,9200.00,9200.00,2742
Jun 26 2020,9285.00,9300.00,9055.00,9084.20,9084.20,4195
Jun 25 2020,9245.00,9315.00,8985.00,9280.00,9280.00,5012
Jun 24 2020,9665.00,9685.00,9180.00,9285.00,9285.00,8255
Jun 23 2020,9725.00,9755.00,9600.00,9660.00,9660.00,3811
Jun 22 2020,9350.00,9700.00,9280.00,9585.00,9585.00,5062
Jun 19 2020,9385.00,9465.00,9245.00,9315.00,9315.00,3481
Jun 18 2020,9425.00,9515.00,9320.00,9410.00,9410.00,2135
Jun 17 2020,9540.00,9600.00,9255.00,9325.00,9325.00,3206
Jun 16 2020,9475.00,9630.00,9415.00,9530.00,9530.00,3436
Jun 15 2020,9370.00,9525.00,8930.00,9440.00,9440.00,5850
Jun 12 2020,9380.00,9610.00,9265.00,9465.00,9465.00,3848
Jun 11 2020,9945.00,10060.00,9090.00,9300.00,9300.00,10869
Jun 10 2020,9905.00,10130.00,9720.00,9935.00,9935.00,7010
Jun 9 2020,9630.00,9985.00,9620.00,9805.00,9805.00,4291
Jun 8 2020,9810.00,9900.00,9720.00,9780.00,9780.00,3757
Jun 5 2020,9865.00,9950.00,9675.00,9800.00,9800.00,4508
Jun 4 2020,9665.00,9985.00,9535.00,9895.00,9895.00,4328
Jun 3 2020,9580.00,9730.00,9465.00,9655.00,9655.00,3179
Jun 2 2020,9745.00,10565.00,9335.00,9580.00,9580.00,14048
Jun 1 2020,9530.00,9775.00,9465.00,9650.00,9650.00,3656
May 29 2020,9460.00,9610.00,9350.00,9443.43,9443.43,3864
May 28 2020,9095.00,9555.00,9055.00,9450.00,9450.00,6137
May 27 2020,8850.00,9265.00,8810.00,9170.00,9170.00,5653
May 26 2020,9050.00,9065.00,8630.00,8785.00,8785.00,8287
May 22 2020,9185.00,9285.00,8945.00,9175.00,9175.00,4564
May 21 2020,9585.00,9610.00,8815.00,9075.00,9075.00,8797
May 20 2020,9755.00,9895.00,9330.00,9570.00,9570.00,6276
May 19 2020,9745.00,9955.00,9505.00,9680.00,9680.00,6700
May 18 2020,9795.00,10035.00,9515.00,9745.00,9745.00,7691
May 15 2020,9855.00,9930.00,9170.00,9395.00,9395.00,7857
May 14 2020,9400.00,10070.00,9355.00,9725.00,9725.00,8874
May 13 2020,8845.00,9430.00,8830.00,9270.00,9270.00,5001
May 12 2020,8680.00,9050.00,8560.00,8870.00,8870.00,6912
May 11 2020,8820.00,9275.00,8220.00,8795.00,8795.00,19225
May 8 2020,10010.00,10220.00,9820.00,10030.00,10030.00,6747
May 7 2020,9370.00,10115.00,9105.00,10010.00,10010.00,12108
May 6 2020,9035.00,9515.00,8980.00,9340.00,9340.00,6330
May 5 2020,9055.00,9225.00,8835.00,8985.00,8985.00,4675
May 4 2020,8965.00,9060.00,8600.00,8935.00,8935.00,3992
May 1 2020,8850.00,9145.00,8655.00,8840.00,8840.00,5127
Apr 30 2020,8940.00,9560.00,8480.00,8930.00,8930.00,10524
Apr 29 2020,7800.00,9065.00,7780.00,8825.00,8825.00,9729
Apr 28 2020,7845.00,7875.00,7735.00,7780.00,7780.00,1762
Apr 27 2020,7665.00,7905.00,7645.00,7780.00,7780.00,2872
Apr 24 2020,7610.00,7620.00,7400.00,7460.86,7460.86,2367
Apr 23 2020,7115.00,7805.00,7045.00,7540.00,7540.00,8039
Apr 22 2020,6920.00,7195.00,6830.00,7115.00,7115.00,3504
Apr 21 2020,6875.00,6960.00,6780.00,6890.00,6890.00,2879
Apr 20 2020,7200.00,7255.00,6765.00,6795.00,6795.00,4302
Apr 17 2020,7105.00,7235.00,7010.00,7080.00,7080.00,1863
Apr 16 2020,6735.00,7205.00,6465.00,7105.00,7105.00,6364
Apr 15 2020,6895.00,6950.00,6685.00,6740.00,6740.00,2144
Apr 14 2020,6855.00,7010.00,6785.00,6950.00,6950.00,2232
Apr 13 2020,7160.00,7160.00,6555.00,6810.00,6810.00,5395
Apr 9 2020,7335.00,7415.00,7090.00,7290.00,7290.00,2793
Apr 8 2020,7195.00,7475.00,7160.00,7335.00,7335.00,3066
Apr 7 2020,7350.00,7515.00,7105.00,7330.00,7330.00,7749
Apr 6 2020,6820.00,7375.00,6785.00,7330.00,7330.00,10939
Apr 3 2020,6890.00,7100.00,6625.00,6800.00,6800.00,3943
Apr 2 2020,6400.00,7345.00,6380.00,6865.00,6865.00,9591
Apr 1 2020,6455.00,6465.00,6155.00,6210.00,6210.00,2656
Mar 31 2020,6505.00,6660.00,6340.00,6475.00,6475.00,2305
Mar 30 2020,6045.00,6535.00,5835.00,6380.00,6380.00,4341
Mar 27 2020,6755.00,6855.00,6570.00,6648.36,6648.36,2372
Mar 26 2020,6600.00,6805.00,6520.00,6675.00,6675.00,3497
Mar 25 2020,6740.00,6995.00,6465.00,6630.00,6630.00,5175
Mar 24 2020,6450.00,6885.00,6395.00,6725.00,6725.00,7837
Mar 23 2020,6060.00,6650.00,5685.00,6300.00,6300.00,8329
Mar 20 2020,6275.00,6950.00,5665.00,6210.00,6210.00,6787
Mar 19 2020,5380.00,6410.00,5275.00,6240.00,6240.00,8961
Mar 18 2020,5440.00,5475.00,4990.00,5340.00,5340.00,8746
Mar 17 2020,4975.00,5525.00,4835.00,5380.00,5380.00,6875
Mar 16 2020,5850.00,5850.00,4390.00,4930.00,4930.00,14879
Mar 13 2020,5775.00,5935.00,4210.00,5330.00,5330.00,15531
Mar 12 2020,7840.00,8000.00,5595.00,6010.00,6010.00,16034
Mar 11 2020,7990.00,8025.00,7610.00,7855.00,7855.00,3910
Mar 10 2020,7835.00,8175.00,7755.00,7995.00,7995.00,5067
Mar 9 2020,8265.00,8280.00,7640.00,7850.00,7850.00,9510
Mar 6 2020,9140.00,9250.00,9060.00,9165.00,9165.00,1827
Mar 5 2020,8805.00,9250.00,8795.00,9195.00,9195.00,3734
Mar 4 2020,8830.00,8910.00,8700.00,8760.00,8760.00,1842
Mar 3 2020,8990.00,8995.00,8740.00,8770.00,8770.00,2956
Mar 2 2020,8645.00,9030.00,8540.00,8975.00,8975.00,2157
Feb 28 2020,8825.00,8905.00,8430.00,8662.99,8662.99,3889
Feb 27 2020,8780.00,8980.00,8520.00,8890.00,8890.00,3897
Feb 26 2020,9385.00,9395.00,8595.00,8780.00,8780.00,7637
Feb 25 2020,9640.00,9695.00,9240.00,9320.00,9320.00,4061
Feb 24 2020,9935.00,10075.00,9480.00,9600.00,9600.00,7379
Feb 21 2020,9650.00,9830.00,9600.00,9740.00,9740.00,2125
Feb 20 2020,9735.00,9735.00,9405.00,9615.00,9615.00,3918
Feb 19 2020,10280.00,10545.00,9245.00,10225.00,10225.00,9019
Feb 18 2020,9980.00,10365.00,9505.00,10250.00,10250.00,20878
Feb 14 2020,10305.00,10635.00,10210.00,10495.00,10495.00,8771
Feb 13 2020,10505.00,10670.00,10160.00,10305.00,10305.00,16242
Feb 12 2020,10325.00,10620.00,10315.00,10525.00,10525.00,13010
Feb 11 2020,9930.00,10570.00,9790.00,10405.00,10405.00,15832
Feb 10 2020,10200.00,10360.00,9510.00,9935.00,9935.00,6779
Feb 7 2020,9805.00,10030.00,9740.00,9845.00,9845.00,8523
Feb 6 2020,9800.00,10010.00,9685.00,9895.00,9895.00,12014
Feb 5 2020,9245.00,9945.00,9225.00,9830.00,9830.00,14307
Feb 4 2020,9355.00,9440.00,9130.00,9255.00,9255.00,8189
Feb 3 2020,9495.00,9790.00,9270.00,9410.00,9410.00,8918
Jan 31 2020,9555.00,9555.00,9180.00,9277.63,9277.63,9428
Jan 30 2020,9335.00,9570.00,9160.00,9555.00,9555.00,15041
Jan 29 2020,9040.00,9480.00,9040.00,9390.00,9390.00,12121
Jan 28 2020,8935.00,9215.00,8895.00,9060.00,9060.00,15878
Jan 27 2020,8595.00,9020.00,8575.00,8995.00,8995.00,13131
Jan 24 2020,8410.00,8540.00,8235.00,8495.00,8495.00,9837
Jan 23 2020,8665.00,8705.00,8290.00,8370.00,8370.00,13847
Jan 22 2020,8775.00,8865.00,8600.00,8680.00,8680.00,4717
Jan 21 2020,8720.00,8825.00,8515.00,8750.00,8750.00,7456
Jan 17 2020,8765.00,9085.00,8720.00,8925.00,8925.00,6895
Jan 16 2020,8925.00,8955.00,8615.00,8790.00,8790.00,5818
Jan 15 2020,8810.00,8995.00,8635.00,8880.00,8880.00,7019
Jan 14 2020,8165.00,8955.00,8150.00,8750.00,8750.00,13502
Jan 13 2020,8235.00,8300.00,8100.00,8200.00,8200.00,3206
Jan 10 2020,7855.00,8220.00,7700.00,8135.00,8135.00,13111
Jan 9 2020,8120.00,8170.00,7800.00,7885.00,7885.00,10399
Jan 8 2020,8165.00,8595.00,7915.00,8110.00,8110.00,16332
Jan 7 2020,7725.00,8300.00,7725.00,8280.00,8280.00,11526
Jan 6 2020,7435.00,7685.00,7385.00,7615.00,7615.00,6104
Jan 3 2020,6960.00,7500.00,6860.00,7385.00,7385.00,8657
Jan 2 2020,7225.00,7225.00,6900.00,6940.00,6940.00,4754
