date,value,isPartial
2020-01-01,21.0,False
2020-01-02,24.0,False
2020-01-03,26.0,False
2020-01-04,24.0,False
2020-01-05,24.0,False
2020-01-06,23.0,False
2020-01-07,29.0,False
2020-01-08,33.0,False
2020-01-09,23.0,False
2020-01-10,25.0,False
2020-01-11,25.0,False
2020-01-12,21.0,False
2020-01-13,21.0,False
2020-01-14,33.0,False
2020-01-15,32.0,False
2020-01-16,27.0,False
2020-01-17,27.0,False
2020-01-18,28.0,False
2020-01-19,30.0,False
2020-01-20,25.0,False
2020-01-21,25.0,False
2020-01-22,21.0,False
2020-01-23,23.0,False
2020-01-24,21.0,False
2020-01-25,23.0,False
2020-01-26,20.0,False
2020-01-27,23.0,False
2020-01-28,27.0,False
2020-01-29,28.0,False
2020-01-30,29.0,False
2020-01-31,29.0,False
2020-02-01,26.0,False
2020-02-02,25.0,False
2020-02-03,25.0,False
2020-02-04,26.0,False
2020-02-05,29.0,False
2020-02-06,31.0,False
2020-02-07,26.0,False
2020-02-08,28.0,False
2020-02-09,35.0,False
2020-02-10,29.0,False
2020-02-11,31.0,False
2020-02-12,35.0,False
2020-02-13,31.0,False
2020-02-14,29.0,False
2020-02-15,29.0,False
2020-02-16,32.0,False
2020-02-17,26.0,False
2020-02-18,27.0,False
2020-02-19,30.0,False
2020-02-20,32.0,False
2020-02-21,26.0,False
2020-02-22,25.0,False
2020-02-23,25.0,False
2020-02-24,28.0,False
2020-02-25,28.0,False
2020-02-26,31.0,False
2020-02-27,34.0,False
2020-02-28,34.0,False
2020-02-29,26.0,False
2020-03-01,24.0,False
2020-03-02,26.0,False
2020-03-03,24.0,False
2020-03-04,24.0,False
2020-03-05,25.0,False
2020-03-06,26.0,False
2020-03-07,23.0,False
2020-03-08,26.0,False
2020-03-09,50.0,False
2020-03-10,31.0,False
2020-03-11,26.0,False
2020-03-12,65.0,False
2020-03-13,100.0,False
2020-03-14,52.0,False
2020-03-15,42.0,False
2020-03-16,61.0,False
2020-03-17,49.0,False
2020-03-18,49.0,False
2020-03-19,48.0,False
2020-03-20,46.0,False
2020-03-21,38.0,False
2020-03-22,34.0,False
2020-03-23,40.0,False
2020-03-24,46.0,False
2020-03-25,37.0,False
2020-03-26,31.0,False
2020-03-27,29.0,False
2020-03-28,29.0,False
2020-03-29,27.0,False
2020-03-30,28.0,False
2020-03-31,25.0,False
2020-04-01,27.419354838709676,False
2020-04-02,29.032258064516128,False
2020-04-03,28.2258064516129,False
2020-04-04,27.419354838709676,False
2020-04-05,26.61290322580645,False
2020-04-06,31.451612903225804,False
2020-04-07,31.451612903225804,False
2020-04-08,29.838709677419352,False
2020-04-09,26.61290322580645,False
2020-04-10,29.838709677419352,False
2020-04-11,26.61290322580645,False
2020-04-12,29.032258064516128,False
2020-04-13,29.032258064516128,False
2020-04-14,25.0,False
2020-04-15,27.419354838709676,False
2020-04-16,30.64516129032258,False
2020-04-17,27.419354838709676,False
2020-04-18,26.61290322580645,False
2020-04-19,26.61290322580645,False
2020-04-20,25.0,False
2020-04-21,25.806451612903224,False
2020-04-22,26.61290322580645,False
2020-04-23,33.87096774193548,False
2020-04-24,29.032258064516128,False
2020-04-25,27.419354838709676,False
2020-04-26,27.419354838709676,False
2020-04-27,33.87096774193548,False
2020-04-28,34.677419354838705,False
2020-04-29,47.58064516129032,False
2020-04-30,54.03225806451613,False
2020-05-01,40.32258064516129,False
2020-05-02,35.483870967741936,False
2020-05-03,37.90322580645161,False
2020-05-04,37.90322580645161,False
2020-05-05,37.096774193548384,False
2020-05-06,42.74193548387097,False
2020-05-07,51.61290322580645,False
2020-05-08,62.90322580645161,False
2020-05-09,51.61290322580645,False
2020-05-10,68.54838709677419,False
2020-05-11,80.64516129032258,False
2020-05-12,59.677419354838705,False
2020-05-13,47.58064516129032,False
2020-05-14,45.967741935483865,False
2020-05-15,40.32258064516129,False
2020-05-16,33.064516129032256,False
2020-05-17,36.29032258064516,False
2020-05-18,37.096774193548384,False
2020-05-19,33.064516129032256,False
2020-05-20,35.483870967741936,False
2020-05-21,39.516129032258064,False
2020-05-22,30.64516129032258,False
2020-05-23,29.032258064516128,False
2020-05-24,29.838709677419352,False
2020-05-25,29.838709677419352,False
2020-05-26,29.838709677419352,False
2020-05-27,27.419354838709676,False
2020-05-28,29.032258064516128,False
2020-05-29,29.838709677419352,False
2020-05-30,25.806451612903224,False
2020-05-31,25.806451612903224,False
2020-06-01,26.61290322580645,False
2020-06-02,41.12903225806451,False
2020-06-03,29.838709677419352,False
2020-06-04,30.64516129032258,False
2020-06-05,30.64516129032258,False
2020-06-06,25.0,False
2020-06-07,27.419354838709676,False
2020-06-08,25.806451612903224,False
2020-06-09,25.806451612903224,False
2020-06-10,28.2258064516129,False
2020-06-11,31.451612903225804,False
2020-06-12,26.61290322580645,False
2020-06-13,25.0,False
2020-06-14,25.0,False
2020-06-15,27.419354838709676,False
2020-06-16,25.806451612903224,False
2020-06-17,25.806451612903224,False
2020-06-18,24.193548387096772,False
2020-06-19,24.193548387096772,False
2020-06-20,23.387096774193548,False
2020-06-21,24.193548387096772,False
2020-06-22,22.58064516129032,False
2020-06-23,25.806451612903224,False
2020-06-24,25.0,False
2020-06-25,25.0,False
2020-06-26,25.0,False
2020-06-27,23.387096774193548,False
2020-06-28,25.806451612903224,False
2020-06-29,24.193548387096772,False
2020-06-30,24.76958525345622,False
2020-07-01,23.04147465437788,False
2020-07-02,23.617511520737324,False
2020-07-03,23.04147465437788,False
2020-07-04,22.46543778801843,False
2020-07-05,23.617511520737324,False
2020-07-06,25.345622119815665,False
2020-07-07,24.193548387096772,False
2020-07-08,25.345622119815665,False
2020-07-09,25.345622119815665,False
2020-07-10,25.345622119815665,False
2020-07-11,21.889400921658986,False
2020-07-12,22.46543778801843,False
2020-07-13,26.49769585253456,False
2020-07-14,25.921658986175114,False
2020-07-15,33.986175115207374,False
2020-07-16,39.746543778801836,False
2020-07-17,27.649769585253452,False
2020-07-18,24.76958525345622,False
2020-07-19,23.04147465437788,False
2020-07-20,21.889400921658986,False
2020-07-21,24.193548387096772,False
2020-07-22,23.617511520737324,False
2020-07-23,27.073732718894007,False
2020-07-24,27.073732718894007,False
2020-07-25,25.921658986175114,False
2020-07-26,29.377880184331794,False
2020-07-27,57.027649769585246,False
2020-07-28,57.6036866359447,False
2020-07-29,43.20276497695852,False
2020-07-30,37.44239631336405,False
2020-07-31,42.05069124423963,False
2020-08-01,45.506912442396306,False
2020-08-02,50.115207373271886,False
2020-08-03,39.746543778801836,False
2020-08-04,35.13824884792626,False
2020-08-05,40.32258064516129,False
2020-08-06,40.89861751152073,False
2020-08-07,36.29032258064516,False
2020-08-08,29.377880184331794,False
2020-08-09,29.953917050691242,False
2020-08-10,36.866359447004605,False
2020-08-11,35.13824884792626,False
2020-08-12,29.953917050691242,False
2020-08-13,32.25806451612903,False
2020-08-14,32.25806451612903,False
2020-08-15,31.105990783410135,False
2020-08-16,29.377880184331794,False
2020-08-17,42.05069124423963,False
2020-08-18,39.17050691244239,False
2020-08-19,32.25806451612903,False
2020-08-20,29.377880184331794,False
2020-08-21,28.2258064516129,False
2020-08-22,28.80184331797235,False
2020-08-23,24.193548387096772,False
2020-08-24,24.193548387096772,False
2020-08-25,25.345622119815665,False
2020-08-26,23.04147465437788,False
2020-08-27,27.073732718894007,False
2020-08-28,23.04147465437788,False
2020-08-29,23.617511520737324,False
2020-08-30,23.04147465437788,False
2020-08-31,24.193548387096772,False
2020-09-01,26.49769585253456,False
2020-09-02,24.193548387096772,False
2020-09-03,31.105990783410135,False
2020-09-04,29.953917050691242,False
2020-09-05,28.80184331797235,False
2020-09-06,27.073732718894007,False
2020-09-07,25.921658986175114,False
2020-09-08,27.073732718894007,False
2020-09-09,24.193548387096772,False
2020-09-10,21.889400921658986,False
2020-09-11,20.73732718894009,False
2020-09-12,21.313364055299537,False
2020-09-13,21.889400921658986,False
2020-09-14,24.76958525345622,False
2020-09-15,22.46543778801843,False
2020-09-16,20.73732718894009,False
2020-09-17,20.73732718894009,False
2020-09-18,21.889400921658986,False
2020-09-19,21.889400921658986,False
2020-09-20,20.161290322580644,False
2020-09-21,22.46543778801843,False
2020-09-22,22.46543778801843,False
2020-09-23,21.889400921658986,False
2020-09-24,20.161290322580644,False
2020-09-25,21.313364055299537,False
2020-09-26,22.46543778801843,False
2020-09-27,18.433179723502302,False
2020-09-28,19.96927803379416,False
2020-09-29,21.50537634408602,False
2020-09-30,19.96927803379416,False
2020-10-01,21.50537634408602,False
2020-10-02,19.96927803379416,False
2020-10-03,19.96927803379416,False
2020-10-04,18.433179723502302,False
2020-10-05,19.96927803379416,False
2020-10-06,19.96927803379416,False
2020-10-07,19.96927803379416,False
2020-10-08,21.50537634408602,False
2020-10-09,23.04147465437788,False
2020-10-10,24.577572964669738,False
2020-10-11,21.50537634408602,False
2020-10-12,23.04147465437788,False
2020-10-13,23.04147465437788,False
2020-10-14,23.04147465437788,False
2020-10-15,23.04147465437788,False
2020-10-16,24.577572964669738,False
2020-10-17,21.50537634408602,False
2020-10-18,21.50537634408602,False
2020-10-19,24.577572964669738,False
2020-10-20,27.649769585253456,False
2020-10-21,49.155145929339476,False
2020-10-22,49.155145929339476,False
2020-10-23,35.33026113671275,False
2020-10-24,30.721966205837173,False
2020-10-25,29.185867895545314,False
2020-10-26,30.721966205837173,False
2020-10-27,41.474654377880185,False
2020-10-28,41.474654377880185,False
2020-10-29,33.79416282642089,False
2020-10-30,30.721966205837173,False
2020-10-31,33.79416282642089,False
2020-11-01,29.185867895545314,False
2020-11-02,30.721966205837173,False
2020-11-03,29.185867895545314,False
2020-11-04,23.04147465437788,False
2020-11-05,43.01075268817204,False
2020-11-06,49.155145929339476,False
2020-11-07,36.866359447004605,False
2020-11-08,32.25806451612903,False
2020-11-09,39.93855606758832,False
2020-11-10,32.25806451612903,False
2020-11-11,36.866359447004605,False
2020-11-12,41.474654377880185,False
2020-11-13,47.61904761904762,False
2020-11-14,36.866359447004605,False
2020-11-15,32.25806451612903,False
2020-11-16,50.69124423963133,False
2020-11-17,73.73271889400921,False
2020-11-18,82.94930875576037,False
2020-11-19,64.51612903225806,False
2020-11-20,67.58832565284177,False
2020-11-21,67.58832565284177,False
2020-11-22,56.835637480798766,False
2020-11-23,61.443932411674346,False
2020-11-24,82.94930875576037,False
2020-11-25,69.12442396313364,False
2020-11-26,81.41321044546851,False
2020-11-27,67.58832565284177,False
2020-11-28,52.22734254992319,False
2020-11-29,49.155145929339476,False
2020-11-30,73.73271889400921,False
2020-12-01,82.94930875576037,False
2020-12-02,62.9800307219662,False
2020-12-03,56.835637480798766,False
2020-12-04,61.443932411674346,False
2020-12-05,50.69124423963133,False
2020-12-06,46.08294930875576,False
2020-12-07,53.76344086021505,False
2020-12-08,50.69124423963133,False
2020-12-09,50.69124423963133,False
2020-12-10,49.155145929339476,False
2020-12-11,46.08294930875576,False
2020-12-12,36.866359447004605,False
2020-12-13,41.474654377880185,False
2020-12-14,46.08294930875576,False
2020-12-15,49.155145929339476,False
2020-12-16,96.77419354838709,False
2020-12-17,153.60983102918587,False
2020-12-18,104.45468509984639,False
2020-12-19,81.41321044546851,False
2020-12-20,76.80491551459293,False
2020-12-21,89.0937019969278,False
2020-12-22,75.26881720430107,False
2020-12-23,75.26881720430107,False
2020-12-24,62.9800307219662,False
2020-12-25,66.05222734254993,False
2020-12-26,99.84639016897081,False
2020-12-27,128.3739302172482,False
2020-12-28,116.96291419793724,False
2020-12-29,99.8463901689708,False
2020-12-30,114.1101601931095,False
2020-12-31,125.52117621242044,False
2021-01-01,96.99363616414307,False
2021-01-02,191.1345183234584,False
2021-01-03,196.84002633311388,False
2021-01-04,176.8707482993197,False
2021-01-05,139.78494623655914,False
2021-01-06,162.60697827518104,False
2021-01-07,239.63133640552994,False
2021-01-08,239.63133640552994,False
2021-01-09,193.98727232828614,False
2021-01-10,174.01799429449198,False
2021-01-11,285.27540048277376,False
2021-01-12,208.25104235242483,False
2021-01-13,188.28176431863068,False
2021-01-14,182.5762563089752,False
2021-01-15,162.60697827518104,False
2021-01-16,128.3739302172482,False
2021-01-17,114.1101601931095,False
2021-01-18,108.40465218345402,False
2021-01-19,111.25740618828175,False
2021-01-20,105.55189817862629,False
2021-01-21,142.63770024138688,False
2021-01-22,145.4904542462146,False
2021-01-23,94.14088215931534,False
2021-01-24,85.58262014483212,False
2021-01-25,94.14088215931534,False
2021-01-26,91.2881281544876,False
2021-01-27,108.40465218345402,False
2021-01-28,114.1101601931095,False
2021-01-29,196.84002633311388,False
2021-01-30,122.6684222075927,False
2021-01-31,96.99363616414307,False
2021-02-01,102.69914417379854,False
2021-02-02,94.14088215931534,False
2021-02-03,96.99363616414307,False
2021-02-04,105.55189817862629,False
2021-02-05,91.2881281544876,False
2021-02-06,119.81566820276497,False
2021-02-07,105.55189817862629,False
2021-02-08,239.63133640552994,False
2021-02-09,262.4533684441518,False
2021-02-10,168.3124862848365,False
2021-02-11,156.90147026552555,False
2021-02-12,151.19596225587009,False
2021-02-13,134.07943822690365,False
2021-02-14,136.9321922317314,False
2021-02-15,139.78494623655914,False
2021-02-16,162.60697827518104,False
2021-02-17,179.72350230414744,False
2021-02-18,165.45973228000878,False
2021-02-19,176.8707482993197,False
2021-02-20,196.84002633311388,False
2021-02-21,168.3124862848365,False
2021-02-22,202.54553434276934,False
2021-02-23,253.89510642966863,False
2021-02-24,179.72350230414744,False
2021-02-25,151.19596225587009,False
2021-02-26,151.19596225587009,False
2021-02-27,119.81566820276497,False
2021-02-28,131.2266842220759,False
2021-03-01,148.34320825104234,False
2021-03-02,122.6684222075927,False
2021-03-03,108.40465218345402,False
2021-03-04,111.25740618828175,False
2021-03-05,105.55189817862629,False
2021-03-06,94.14088215931534,False
2021-03-07,94.14088215931534,False
2021-03-08,108.40465218345402,False
2021-03-09,125.52117621242044,False
2021-03-10,114.1101601931095,False
2021-03-11,114.1101601931095,False
2021-03-12,105.55189817862629,False
2021-03-13,136.9321922317314,False
2021-03-14,125.52117621242044,False
2021-03-15,122.6684222075927,False
2021-03-16,116.96291419793724,False
2021-03-17,114.1101601931095,False
2021-03-18,114.1101601931095,False
2021-03-19,96.99363616414307,False
2021-03-20,85.58262014483212,False
2021-03-21,85.58262014483212,False
2021-03-22,96.99363616414307,False
2021-03-23,96.99363616414307,False
2021-03-24,105.55189817862629,False
2021-03-25,119.81566820276497,False
2021-03-26,99.8463901689708,False
2021-03-27,86.53353814644136,False
2021-03-28,79.87711213517663,False
2021-03-29,93.18996415770607,False
2021-03-30,96.51817716333844,False
2021-03-31,96.51817716333844,False
2021-04-01,139.7849462365591,False
2021-04-02,96.51817716333844,False
2021-04-03,79.87711213517663,False
2021-04-04,76.54889912954428,False
2021-04-05,83.205325140809,False
2021-04-06,86.53353814644136,False
2021-04-07,83.205325140809,False
2021-04-08,76.54889912954428,False
2021-04-09,76.54889912954428,False
2021-04-10,86.53353814644136,False
2021-04-11,83.205325140809,False
2021-04-12,89.86175115207371,False
2021-04-13,126.47209421402967,False
2021-04-14,146.44137224782384,False
2021-04-15,123.14388120839732,False
2021-04-16,149.7695852534562,False
2021-04-17,113.15924219150023,False
2021-04-18,183.05171530977978,False
2021-04-19,153.09779825908856,False
2021-04-20,133.12852022529438,False
2021-04-21,109.83102918586788,False
2021-04-22,123.14388120839732,False
2021-04-23,179.72350230414742,False
2021-04-24,126.47209421402967,False
2021-04-25,109.83102918586788,False
2021-04-26,126.47209421402967,False
2021-04-27,113.15924219150023,False
2021-04-28,99.8463901689708,False
2021-04-29,89.86175115207371,False
2021-04-30,86.53353814644136,False
2021-05-01,79.87711213517663,False
2021-05-02,76.54889912954428,False
2021-05-03,96.51817716333844,False
2021-05-04,106.50281618023551,False
2021-05-05,103.17460317460315,False
2021-05-06,96.51817716333844,False
2021-05-07,89.86175115207371,False
2021-05-08,96.51817716333844,False
2021-05-09,99.8463901689708,False
2021-05-10,106.50281618023551,False
2021-05-11,99.8463901689708,False
2021-05-12,113.15924219150023,False
2021-05-13,246.28776241679464,False
2021-05-14,143.11315924219147,False
2021-05-15,109.83102918586788,False
2021-05-16,123.14388120839732,False
2021-05-17,189.7081413210445,False
2021-05-18,136.45673323092674,False
2021-05-19,332.821300563236,False
2021-05-20,246.28776241679464,False
2021-05-21,183.05171530977978,False
2021-05-22,153.09779825908856,False
2021-05-23,189.7081413210445,False
2021-05-24,189.7081413210445,False
2021-05-25,146.44137224782384,False
2021-05-26,123.14388120839732,False
2021-05-27,103.17460317460315,False
2021-05-28,113.15924219150023,False
2021-05-29,106.50281618023551,False
2021-05-30,96.51817716333844,False
2021-05-31,99.8463901689708,False
2021-06-01,96.51817716333844,False
2021-06-02,89.86175115207371,False
2021-06-03,83.205325140809,False
2021-06-04,109.83102918586788,False
2021-06-05,93.18996415770607,False
2021-06-06,93.18996415770607,False
2021-06-07,103.17460317460315,False
2021-06-08,149.7695852534562,False
2021-06-09,126.47209421402967,False
2021-06-10,113.15924219150023,False
2021-06-11,96.51817716333844,False
2021-06-12,76.54889912954428,False
2021-06-13,83.205325140809,False
2021-06-14,106.50281618023551,False
2021-06-15,89.86175115207371,False
2021-06-16,79.87711213517663,False
2021-06-17,76.54889912954428,False
2021-06-18,76.54889912954428,False
2021-06-19,63.236047107014834,False
2021-06-20,73.22068612391192,False
2021-06-21,119.81566820276495,False
2021-06-22,159.75422427035326,False
2021-06-23,109.83102918586788,False
2021-06-24,86.53353814644136,False
2021-06-25,86.53353814644137,False
2021-06-26,78.1205552710929,False
2021-06-27,74.51499118165785,False
2021-06-28,80.52426466404961,False
2021-06-29,75.7168458781362,False
2021-06-30,66.10200830630937,False
2021-07-01,63.69829891335267,False
2021-07-02,61.29458952039597,False
2021-07-03,56.48717073448256,False
2021-07-04,60.09273482391762,False
2021-07-05,62.49644421687432,False
2021-07-06,56.48717073448256,False
2021-07-07,54.083461341525854,False
2021-07-08,62.49644421687432,False
2021-07-09,58.89088012743926,False
2021-07-10,45.670478466177386,False
2021-07-11,50.4778972520908,False
2021-07-12,55.285316038004204,False
2021-07-13,58.89088012743926,False
2021-07-14,57.68902543096091,False
2021-07-15,57.68902543096091,False
2021-07-16,57.68902543096091,False
2021-07-17,50.4778972520908,False
2021-07-18,50.4778972520908,False
2021-07-19,68.50571769926609,False
2021-07-20,88.93724753939807,False
2021-07-21,73.31313648517948,False
2021-07-22,68.50571769926609,False
2021-07-23,55.285316038004204,False
2021-07-24,56.48717073448256,False
2021-07-25,61.29458952039597,False
2021-07-26,120.18546964783523,False
2021-07-27,81.72611936052796,False
2021-07-28,73.31313648517948,False
2021-07-29,67.30386300278772,False
2021-07-30,61.29458952039597,False
2021-07-31,62.49644421687432,False
2021-08-01,62.49644421687432,False
2021-08-02,64.90015360983102,False
2021-08-03,57.68902543096091,False
2021-08-04,57.68902543096091,False
2021-08-05,60.09273482391762,False
2021-08-06,67.30386300278772,False
2021-08-07,67.30386300278772,False
2021-08-08,64.90015360983102,False
2021-08-09,76.91870057461455,False
2021-08-10,75.7168458781362,False
2021-08-11,70.90942709222278,False
2021-08-12,69.70757239574444,False
2021-08-13,66.10200830630937,False
2021-08-14,63.69829891335267,False
2021-08-15,57.68902543096091,False
2021-08-16,63.69829891335267,False
2021-08-17,62.49644421687432,False
2021-08-18,54.083461341525854,False
2021-08-19,55.285316038004204,False
2021-08-20,62.49644421687432,False
2021-08-21,60.09273482391762,False
2021-08-22,54.083461341525854,False
2021-08-23,74.51499118165785,False
2021-08-24,66.10200830630937,False
2021-08-25,55.285316038004204,False
2021-08-26,57.68902543096091,False
2021-08-27,56.48717073448256,False
2021-08-28,49.27604255561244,False
2021-08-29,46.87233316265574,False
2021-08-30,50.4778972520908,False
2021-08-31,52.8816066450475,False
2021-09-01,54.083461341525854,False
2021-09-02,57.68902543096091,False
2021-09-03,61.29458952039597,False
2021-09-04,52.8816066450475,False
2021-09-05,51.67975194856915,False
2021-09-06,62.49644421687432,False
2021-09-07,111.77248677248676,False
2021-09-08,96.14837571826818,False
2021-09-09,69.70757239574444,False
2021-09-10,62.49644421687432,False
2021-09-11,51.67975194856915,False
2021-09-12,46.87233316265574,False
2021-09-13,56.48717073448256,False
2021-09-14,54.083461341525854,False
2021-09-15,57.68902543096091,False
2021-09-16,54.083461341525854,False
2021-09-17,51.67975194856915,False
2021-09-18,43.266769073220686,False
2021-09-19,37.257495590828924,False
2021-09-20,73.31313648517948,False
2021-09-21,73.31313648517948,False
2021-09-22,64.90015360983102,False
2021-09-23,56.98550073058334,False
2021-09-24,93.39290397512269,False
2021-09-25,64.90015360983102,False
2021-09-26,45.904986699636574,False
2021-09-27,55.4025701547338,False
2021-09-28,56.98550073058334,False
2021-09-29,53.819639578884264,False
2021-09-30,53.819639578884264,False
2021-10-01,63.317223033981485,False
2021-10-02,50.65377842718519,False
2021-10-03,50.65377842718519,False
2021-10-04,56.98550073058334,False
2021-10-05,68.0660147615301,False
2021-10-06,85.47825109587501,False
2021-10-07,79.14652879247686,False
2021-10-08,66.48308418568055,False
2021-10-09,60.15136188228241,False
2021-10-10,58.56843130643287,False
2021-10-11,72.8148064890787,False
2021-10-12,74.39773706492825,False
2021-10-13,64.90015360983102,False
2021-10-14,68.0660147615301,False
2021-10-15,109.22220973361806,False
2021-10-16,90.22704282342362,False
2021-10-17,72.8148064890787,False
2021-10-18,93.39290397512269,False
2021-10-19,117.13686261286574,False
2021-10-20,136.1320295230602,False
2021-10-21,123.4685849162639,False
2021-10-22,96.55876512682177,False
2021-10-23,74.39773706492825,False
2021-10-24,66.48308418568055,False
2021-10-25,85.47825109587501,False
2021-10-26,117.13686261286574,False
2021-10-27,102.8904874302199,False
2021-10-28,90.22704282342362,False
2021-10-29,83.89532052002546,False
2021-10-30,69.64894533737963,False
2021-10-31,64.90015360983102,False
2021-11-01,69.64894533737963,False
2021-11-02,77.56359821662731,False
2021-11-03,72.8148064890787,False
2021-11-04,68.0660147615301,False
2021-11-05,69.64894533737963,False
2021-11-06,63.317223033981485,False
2021-11-07,60.15136188228241,False
2021-11-08,93.39290397512269,False
2021-11-09,104.47341800606945,False
2021-11-10,94.97583455097222,False
2021-11-11,83.89532052002546,False
2021-11-12,72.8148064890787,False
2021-11-13,66.48308418568055,False
2021-11-14,64.90015360983102,False
2021-11-15,71.23187591322917,False
2021-11-16,91.80997339927315,False
2021-11-17,82.31238994417593,False
2021-11-18,88.64411224757407,False
2021-11-19,94.97583455097222,False
2021-11-20,74.39773706492825,False
2021-11-21,64.90015360983102,False
2021-11-22,72.8148064890787,False
2021-11-23,77.56359821662731,False
2021-11-24,72.8148064890787,False
2021-11-25,63.317223033981485,False
2021-11-26,87.06118167172454,False
2021-11-27,71.23187591322917,False
2021-11-28,69.64894533737963,False
2021-11-29,69.64894533737963,False
2021-11-30,74.39773706492825,False
2021-12-01,68.0660147615301,False
2021-12-02,63.317223033981485,False
2021-12-03,68.0660147615301,False
2021-12-04,158.29305758495371,False
2021-12-05,110.8051403094676,False
2021-12-06,104.47341800606945,False
2021-12-07,85.47825109587501,False
2021-12-08,74.39773706492825,False
2021-12-09,72.8148064890787,False
2021-12-10,74.39773706492825,False
2021-12-11,63.317223033981485,False
2021-12-12,63.317223033981485,False
2021-12-13,83.89532052002546,False
2021-12-14,90.22704282342362,False
2021-12-15,80.72945936832639,False
2021-12-16,69.64894533737963,False
2021-12-17,66.48308418568055,False
2021-12-18,61.73429245813195,False
2021-12-19,55.4025701547338,False
2021-12-20,64.90015360983102,False
2021-12-21,68.0660147615301,False
2021-12-22,62.547148699784415,False
2021-12-23,66.2263927409482,False
2021-12-24,66.2263927409482,False
2021-12-25,60.707526679202516,False
2021-12-26,60.707526679202516,False
2021-12-27,64.38677072036631,False
2021-12-28,69.905636782112,False
2021-12-29,64.38677072036631,False
2021-12-30,60.707526679202516,False
2021-12-31,57.02828263803873,False
2022-01-01,53.34903859687494,False
2022-01-02,51.50941657629305,False
2022-01-03,62.547148699784415,False
2022-01-04,71.74525880269388,False
2022-01-05,77.26412486443957,False
2022-01-06,90.14147900851283,False
2022-01-07,97.49996709084041,False
2022-01-08,80.94336890560336,False
2022-01-09,75.42450284385768,False
2022-01-10,82.78299092618525,False
2022-01-11,79.10374688502147,False
2022-01-12,73.58488082327578,False
2022-01-13,75.42450284385768,False
2022-01-14,55.18866061745683,False
2022-01-15,51.50941657629305,False
2022-01-16,49.66979455571115,False
2022-01-17,57.02828263803873,False
2022-01-18,62.547148699784415,False
2022-01-19,57.02828263803873,False
2022-01-20,60.707526679202516,False
2022-01-21,137.97165154364208,False
2022-01-22,158.20749377004293,False
2022-01-23,108.53769921433178,False
2022-01-24,183.96220205818946,False
2022-01-25,104.85845517316798,False
2022-01-26,95.66034507025851,False
2022-01-27,90.14147900851283,False
2022-01-28,90.14147900851283,False
2022-01-29,75.42450284385768,False
2022-01-30,66.2263927409482,False
2022-01-31,73.58488082327578,False
2022-02-01,71.74525880269388,False
2022-02-02,68.0660147615301,False
2022-02-03,69.905636782112,False
2022-02-04,75.42450284385768,False
2022-02-05,73.58488082327578,False
2022-02-06,62.547148699784415,False
2022-02-07,80.94336890560336,False
2022-02-08,79.10374688502147,False
2022-02-09,82.78299092618525,False
2022-02-10,62.547148699784415,False
2022-02-11,66.2263927409482,False
2022-02-12,58.867904658620624,False
2022-02-13,53.34903859687494,False
2022-02-14,68.0660147615301,False
2022-02-15,69.905636782112,False
2022-02-16,60.707526679202516,False
2022-02-17,66.2263927409482,False
2022-02-18,68.0660147615301,False
2022-02-19,58.867904658620624,False
2022-02-20,60.707526679202516,False
2022-02-21,68.0660147615301,False
2022-02-22,79.10374688502147,False
2022-02-23,66.2263927409482,False
2022-02-24,117.73580931724125,False
2022-02-25,82.78299092618525,False
2022-02-26,62.547148699784415,False
2022-02-27,60.707526679202516,False
2022-02-28,79.10374688502147,False
2022-03-01,82.78299092618525,False
2022-03-02,68.0660147615301,False
2022-03-03,62.547148699784415,False
2022-03-04,60.707526679202516,False
2022-03-05,53.34903859687494,False
2022-03-06,51.50941657629305,False
2022-03-07,64.38677072036631,False
2022-03-08,64.38677072036631,False
2022-03-09,73.58488082327578,False
2022-03-10,68.0660147615301,False
2022-03-11,58.867904658620624,False
2022-03-12,51.50941657629305,False
2022-03-13,49.66979455571115,False
2022-03-14,57.02828263803873,False
2022-03-15,53.34903859687494,False
2022-03-16,57.02828263803873,False
2022-03-17,53.34903859687494,False
2022-03-18,51.50941657629305,False
2022-03-19,49.66979455571115,False
2022-03-20,47.83017253512926,False
2022-03-21,49.66979455571115,False
2022-03-22,55.87851887517505,False
2022-03-23,51.73936932886578,False
2022-03-24,57.948093648329674,False
2022-03-25,55.87851887517505,False
2022-03-26,47.60021978255652,False
2022-03-27,55.87851887517505,False
2022-03-28,64.15681796779357,False
2022-03-29,57.948093648329674,False
2022-03-30,57.948093648329674,False
2022-03-31,53.80894410202041,False
2022-04-01,53.80894410202041,False
2022-04-02,47.60021978255652,False
2022-04-03,47.60021978255652,False
2022-04-04,49.66979455571115,False
2022-04-05,47.60021978255652,False
2022-04-06,55.87851887517505,False
2022-04-07,53.80894410202041,False
2022-04-08,51.73936932886578,False
2022-04-09,47.60021978255652,False
2022-04-10,45.53064500940189,False
2022-04-11,60.0176684214843,False
2022-04-12,53.80894410202041,False
2022-04-13,51.73936932886578,False
2022-04-14,49.66979455571115,False
2022-04-15,47.60021978255652,False
2022-04-16,41.391495463092625,False
2022-04-17,39.321920689938,False
2022-04-18,49.66979455571115,False
2022-04-19,45.53064500940189,False
2022-04-20,45.53064500940189,False
2022-04-21,43.46107023624725,False
2022-04-22,45.53064500940189,False
2022-04-23,41.391495463092625,False
2022-04-24,39.321920689938,False
2022-04-25,47.60021978255652,False
2022-04-26,53.80894410202041,False
2022-04-27,49.66979455571115,False
2022-04-28,47.60021978255652,False
2022-04-29,45.53064500940189,False
2022-04-30,41.391495463092625,False
2022-05-01,45.53064500940189,False
2022-05-02,43.46107023624725,False
2022-05-03,41.391495463092625,False
2022-05-04,45.53064500940189,False
2022-05-05,60.0176684214843,False
2022-05-06,57.948093648329674,False
2022-05-07,45.53064500940189,False
2022-05-08,55.87851887517505,False
2022-05-09,109.68746297719545,False
2022-05-10,109.68746297719545,False
2022-05-11,126.2440611624325,False
2022-05-12,175.91385571814365,False
2022-05-13,136.59193502820565,False
2022-05-14,95.20043956511304,False
2022-05-15,82.78299092618525,False
2022-05-16,86.9221404724945,False
2022-05-17,78.643841379876,False
2022-05-18,82.78299092618525,False
2022-05-19,82.78299092618525,False
2022-05-20,72.4351170604121,False
2022-05-21,62.08724319463894,False
2022-05-22,55.87851887517505,False
2022-05-23,66.2263927409482,False
2022-05-24,66.2263927409482,False
2022-05-25,53.80894410202041,False
2022-05-26,57.948093648329674,False
2022-05-27,60.0176684214843,False
2022-05-28,49.66979455571115,False
2022-05-29,43.46107023624725,False
2022-05-30,53.80894410202041,False
2022-05-31,60.0176684214843,False
2022-06-01,55.87851887517505,False
2022-06-02,51.73936932886578,False
2022-06-03,53.80894410202041,False
2022-06-04,41.391495463092625,False
2022-06-05,39.321920689938,False
2022-06-06,51.73936932886578,False
2022-06-07,57.948093648329674,False
2022-06-08,47.60021978255652,False
2022-06-09,47.60021978255652,False
2022-06-10,51.73936932886578,False
2022-06-11,53.80894410202041,False
2022-06-12,66.2263927409482,False
2022-06-13,206.9574773154631,False
2022-06-14,196.60960344968996,False
2022-06-15,173.844280944989,False
2022-06-16,144.8702341208242,False
2022-06-17,126.2440611624325,False
2022-06-18,196.60960344968996,False
2022-06-19,182.12258003760755,False
2022-06-20,142.05561242933388,False
2022-06-21,114.73722542369276,False
2022-06-22,98.34619322030808,False
2022-06-23,85.59761261767555,False
2022-06-24,76.49148361579518,False
2022-06-25,63.742903013162646,False
2022-06-26,61.92167721278657,False
2022-06-27,78.31270941617124,False
2022-06-28,69.20658041429087,False
2022-06-29,78.31270941617124,False
2022-06-30,96.524967419932,False
2022-07-01,89.2400642184277,False
2022-07-02,72.84903201504302,False
2022-07-03,71.02780621466694,False
2022-07-04,69.20658041429087,False
2022-07-05,78.31270941617124,False
2022-07-06,69.20658041429087,False
2022-07-07,69.20658041429087,False
2022-07-08,65.56412881353872,False
2022-07-09,52.81554821090619,False
2022-07-10,52.81554821090619,False
2022-07-11,67.3853546139148,False
2022-07-12,67.3853546139148,False
2022-07-13,65.56412881353872,False
2022-07-14,67.3853546139148,False
2022-07-15,58.279225612034416,False
2022-07-16,47.351870809777964,False
2022-07-17,45.53064500940189,False
2022-07-18,63.742903013162646,False
2022-07-19,67.3853546139148,False
2022-07-20,76.49148361579518,False
2022-07-21,76.49148361579518,False
2022-07-22,61.92167721278657,False
2022-07-23,49.17309661015404,False
2022-07-24,45.53064500940189,False
2022-07-25,56.45799981165834,False
2022-07-26,63.742903013162646,False
2022-07-27,54.63677401128226,False
2022-07-28,58.279225612034416,False
2022-07-29,52.81554821090619,False
2022-07-30,41.888193408649734,False
2022-07-31,40.066967608273664,False
2022-08-01,47.351870809777964,False
2022-08-02,49.17309661015404,False
2022-08-03,47.351870809777964,False
2022-08-04,45.53064500940189,False
2022-08-05,43.70941920902581,False
2022-08-06,34.603290207145434,False
2022-08-07,32.78206440676936,False
2022-08-08,45.53064500940189,False
2022-08-09,47.351870809777964,False
2022-08-10,45.53064500940189,False
2022-08-11,47.351870809777964,False
2022-08-12,43.70941920902581,False
2022-08-13,34.603290207145434,False
2022-08-14,34.603290207145434,False
2022-08-15,41.888193408649734,False
2022-08-16,41.888193408649734,False
2022-08-17,43.70941920902581,False
2022-08-18,36.42451600752151,False
2022-08-19,50.99432241053012,False
2022-08-20,40.066967608273664,False
2022-08-21,38.24574180789759,False
2022-08-22,43.70941920902581,False
2022-08-23,40.066967608273664,False
2022-08-24,38.24574180789759,False
2022-08-25,38.24574180789759,False
2022-08-26,43.70941920902581,False
2022-08-27,41.888193408649734,False
2022-08-28,38.24574180789759,False
2022-08-29,47.351870809777964,False
2022-08-30,43.70941920902581,False
2022-08-31,41.888193408649734,False
2022-09-01,43.70941920902581,False
2022-09-02,38.24574180789759,False
2022-09-03,32.78206440676936,False
2022-09-04,30.960838606393285,False
2022-09-05,32.78206440676936,False
2022-09-06,47.351870809777964,False
2022-09-07,52.81554821090619,False
2022-09-08,43.70941920902581,False
2022-09-09,47.351870809777964,False
2022-09-10,36.42451600752151,False
2022-09-11,32.78206440676936,False
2022-09-12,41.888193408649734,False
2022-09-13,49.17309661015404,False
2022-09-14,47.351870809777964,False
2022-09-15,45.53064500940189,False
2022-09-16,45.53064500940189,False
2022-09-17,34.603290207145434,False
2022-09-18,32.44058456919885,False
2022-09-19,54.06764094866474,False
2022-09-20,50.82358249174486,False
2022-09-21,49.742229672771565,False
2022-09-22,50.82358249174486,False
2022-09-23,50.82358249174486,False
2022-09-24,35.68464302611873,False
2022-09-25,36.76599584509202,False
2022-09-26,47.57952403482497,False
2022-09-27,45.416818396878384,False
2022-09-28,44.33546557790509,False
2022-09-29,44.33546557790509,False
2022-09-30,40.01005430201191,False
2022-10-01,32.44058456919885,False
2022-10-02,33.52193738817214,False
2022-10-03,41.0914071209852,False
2022-10-04,40.01005430201191,False
2022-10-05,36.76599584509202,False
2022-10-06,36.76599584509202,False
2022-10-07,35.68464302611873,False
2022-10-08,29.19652611227896,False
2022-10-09,28.115173293305666,False
2022-10-10,37.84734866406532,False
2022-10-11,38.928701483038616,False
2022-10-12,35.68464302611873,False
2022-10-13,44.33546557790509,False
2022-10-14,37.84734866406532,False
2022-10-15,28.115173293305666,False
2022-10-16,29.19652611227896,False
2022-10-17,33.52193738817214,False
2022-10-18,34.603290207145434,False
2022-10-19,34.603290207145434,False
2022-10-20,31.35923175022555,False
2022-10-21,36.76599584509202,False
2022-10-22,29.19652611227896,False
2022-10-23,30.277878931252253,False
2022-10-24,31.35923175022555,False
2022-10-25,34.603290207145434,False
2022-10-26,36.76599584509202,False
2022-10-27,36.76599584509202,False
2022-10-28,31.35923175022555,False
2022-10-29,29.19652611227896,False
2022-10-30,27.03382047433237,False
2022-10-31,31.35923175022555,False
2022-11-01,28.115173293305666,False
2022-11-02,29.19652611227896,False
2022-11-03,31.35923175022555,False
2022-11-04,29.19652611227896,False
2022-11-05,30.277878931252253,False
2022-11-06,28.115173293305666,False
2022-11-07,35.68464302611873,False
2022-11-08,55.14899376763804,False
2022-11-09,95.15904806964994,False
2022-11-10,108.13528189732948,False
2022-11-11,91.91498961273005,False
2022-11-12,84.34551987991699,False
2022-11-13,75.69469732813064,False
2022-11-14,83.2641670609437,False
2022-11-15,70.28793323326417,False
2022-11-16,69.20658041429087,False
2022-11-17,71.36928605223746,False
2022-11-18,62.7184635004511,False
2022-11-19,49.742229672771565,False
2022-11-20,45.416818396878384,False
2022-11-21,67.04387477634428,False
2022-11-22,65.96252195737098,False
2022-11-23,59.47440504353121,False
2022-11-24,43.2541127589318,False
2022-11-25,44.33546557790509,False
2022-11-26,37.84734866406532,False
2022-11-27,37.84734866406532,False
2022-11-28,51.90493531071815,False
2022-11-29,46.49817121585168,False
2022-11-30,48.660876853798264,False
2022-12-01,47.57952403482497,False
2022-12-02,43.2541127589318,False
2022-12-03,35.68464302611873,False
2022-12-04,34.603290207145434,False
2022-12-05,43.2541127589318,False
2022-12-06,44.33546557790509,False
2022-12-07,42.172759939958496,False
2022-12-08,42.172759939958496,False
2022-12-09,40.01005430201191,False
2022-12-10,34.603290207145434,False
2022-12-11,33.52193738817214,False
2022-12-12,38.928701483038616,False
2022-12-13,52.986288129691445,False
2022-12-14,48.660876853798264,False
2022-12-15,45.416818396878384,False
2022-12-16,45.416818396878384,False
2022-12-17,36.98226640888668,False
2022-12-18,33.089396260582824,False
2022-12-19,38.27988979165463,False
2022-12-20,38.27988979165463,False
2022-12-21,38.928701483038616,False
2022-12-22,39.57751317442259,False
2022-12-23,36.98226640888668,False
2022-12-24,33.089396260582824,False
2022-12-25,33.089396260582824,False
2022-12-26,32.44058456919884,False
2022-12-27,38.928701483038616,False
2022-12-28,39.57751317442259,False
2022-12-29,40.22632486580657,False
2022-12-30,34.387019643350776,False
2022-12-31,31.142961186430888,False
2023-01-01,29.19652611227896,False
2023-01-02,33.089396260582824,False
2023-01-03,34.387019643350776,False
2023-01-04,35.68464302611873,False
2023-01-05,33.089396260582824,False
2023-01-06,31.142961186430888,False
2023-01-07,28.547714420894984,False
2023-01-08,27.250091038127028,False
2023-01-09,35.03583133473475,False
2023-01-10,33.7382079519668,False
2023-01-11,31.791772877814868,False
2023-01-12,42.82157163134247,False
2023-01-13,45.416818396878384,False
2023-01-14,54.500182076254056,False
2023-01-15,40.875136557190544,False
2023-01-16,46.714441779646336,False
2023-01-17,48.01206516241429,False
2023-01-18,47.36325347103031,False
2023-01-19,40.875136557190544,False
2023-01-20,44.119195014110424,False
2023-01-21,44.76800670549441,False
2023-01-22,40.22632486580657,False
2023-01-23,42.172759939958496,False
2023-01-24,42.82157163134247,False
2023-01-25,39.57751317442259,False
2023-01-26,39.57751317442259,False
2023-01-27,40.22632486580657,False
2023-01-28,31.142961186430888,False
2023-01-29,35.03583133473475,False
2023-01-30,38.928701483038616,False
2023-01-31,39.57751317442259,False
2023-02-01,37.631078100270656,False
2023-02-02,44.119195014110424,False
2023-02-03,38.928701483038616,False
2023-02-04,30.494149495046912,False
2023-02-05,31.791772877814868,False
2023-02-06,34.387019643350776,False
2023-02-07,33.089396260582824,False
2023-02-08,30.494149495046912,False
2023-02-09,33.7382079519668,False
2023-02-10,33.089396260582824,False
2023-02-11,28.547714420894984,False
2023-02-12,27.250091038127028,False
2023-02-13,30.494149495046912,False
2023-02-14,31.142961186430888,False
2023-02-15,36.98226640888668,False
2023-02-16,46.714441779646336,False
2023-02-17,42.172759939958496,False
2023-02-18,30.494149495046912,False
2023-02-19,28.547714420894984,False
2023-02-20,35.03583133473475,False
2023-02-21,37.631078100270656,False
2023-02-22,34.387019643350776,False
2023-02-23,32.44058456919884,False
2023-02-24,31.791772877814868,False
2023-02-25,27.250091038127028,False
2023-02-26,27.250091038127028,False
2023-02-27,31.142961186430888,False
2023-02-28,28.547714420894984,False
2023-03-01,29.19652611227896,False
2023-03-02,29.19652611227896,False
2023-03-03,34.387019643350776,False
2023-03-04,27.250091038127028,False
2023-03-05,25.952467655359076,False
2023-03-06,29.19652611227896,False
2023-03-07,27.898902729511004,False
2023-03-08,29.19652611227896,False
2023-03-09,36.98226640888668,False
2023-03-10,49.30968854518224,False
2023-03-11,40.22632486580657,False
2023-03-12,38.27988979165463,False
2023-03-13,62.93473406424576,False
2023-03-14,64.88116913839768,False
2023-03-15,51.256123619334176,False
2023-03-16,45.416818396878384,False
2023-03-17,55.79780545902201,False
2023-03-18,51.256123619334176,False
2023-03-19,59.041863915941896,False
2023-03-20,64.88116913839768,False
2023-03-21,59.041863915941896,False
2023-03-22,58.39305222455792,False
2023-03-23,57.09542884178997,False
2023-03-24,49.958500236566216,False
2023-03-25,38.928701483038616,False
2023-03-26,37.631078100270656,False
2023-03-27,46.06563008826236,False
2023-03-28,42.172759939958496,False
2023-03-29,46.714441779646336,False
2023-03-30,45.416818396878384,False
2023-03-31,43.47038332272645,False
2023-04-01,35.68464302611873,False
2023-04-02,36.98226640888668,False
2023-04-03,42.172759939958496,False
2023-04-04,40.875136557190544,False
2023-04-05,40.22632486580657,False
2023-04-06,40.875136557190544,False
2023-04-07,37.631078100270656,False
2023-04-08,31.142961186430888,False
2023-04-09,29.845337803662936,False
2023-04-10,44.76800670549441,False
2023-04-11,62.285922372861776,False
2023-04-12,54.500182076254056,False
2023-04-13,49.958500236566216,False
2023-04-14,48.01206516241429,False
2023-04-15,38.928701483038616,False
2023-04-16,35.03583133473475,False
2023-04-17,42.82157163134247,False
2023-04-18,42.172759939958496,False
2023-04-19,40.22632486580657,False
2023-04-20,39.57751317442259,False
2023-04-21,38.27988979165463,False
2023-04-22,33.089396260582824,False
2023-04-23,31.791772877814868,False
2023-04-24,38.928701483038616,False
2023-04-25,38.928701483038616,False
2023-04-26,43.47038332272645,False
2023-04-27,39.57751317442259,False
2023-04-28,34.387019643350776,False
2023-04-29,33.089396260582824,False
2023-04-30,30.494149495046912,False
2023-05-01,38.928701483038616,False
2023-05-02,36.333454717502704,False
2023-05-03,35.03583133473475,False
2023-05-04,36.98226640888668,False
2023-05-05,31.791772877814868,False
2023-05-06,33.089396260582824,False
2023-05-07,31.142961186430888,False
2023-05-08,41.52394824857452,False
2023-05-09,36.333454717502704,False
2023-05-10,35.68464302611873,False
2023-05-11,33.7382079519668,False
2023-05-12,35.03583133473475,False
2023-05-13,29.19652611227896,False
2023-05-14,30.494149495046912,False
2023-05-15,33.089396260582824,False
2023-05-16,33.7382079519668,False
2023-05-17,31.791772877814868,False
2023-05-18,33.089396260582824,False
2023-05-19,31.791772877814868,False
2023-05-20,27.898902729511004,False
2023-05-21,27.898902729511004,False
2023-05-22,29.845337803662936,False
2023-05-23,30.494149495046912,False
2023-05-24,29.19652611227896,False
2023-05-25,29.845337803662936,False
2023-05-26,27.898902729511004,False
2023-05-27,26.601279346743052,False
2023-05-28,27.898902729511004,False
2023-05-29,29.19652611227896,False
2023-05-30,30.494149495046912,False
2023-05-31,30.494149495046912,False
2023-06-01,27.898902729511004,False
2023-06-02,28.547714420894984,False
2023-06-03,25.952467655359076,False
2023-06-04,25.952467655359076,False
2023-06-05,35.03583133473475,False
2023-06-06,40.22632486580657,False
2023-06-07,36.333454717502704,False
2023-06-08,37.631078100270656,False
2023-06-09,29.19652611227896,False
2023-06-10,34.387019643350776,False
2023-06-11,29.19652611227896,False
2023-06-12,28.547714420894984,False
2023-06-13,27.898902729511004,False
2023-06-14,28.547714420894984,False
2023-06-15,32.31816726893772,False
2023-06-16,29.62498666319291,False
2023-06-17,26.9318060574481,False
2023-06-18,25.31589769400121,False
2023-06-19,27.47044217859706,False
2023-06-20,36.62725623812941,False
2023-06-21,53.32497599374724,False
2023-06-22,45.24543417651281,False
2023-06-23,45.24543417651281,False
2023-06-24,35.01134787468253,False
2023-06-25,32.85680339008668,False
2023-06-26,37.704528480427335,False
2023-06-27,35.54998399583149,False
2023-06-28,35.01134787468253,False
2023-06-29,36.08862011698045,False
2023-06-30,40.93634520732111,False
2023-07-01,30.16362278434187,False
2023-07-02,27.47044217859706,False
2023-07-03,36.08862011698045,False
2023-07-04,33.395439511235644,False
2023-07-05,33.395439511235644,False
2023-07-06,35.54998399583149,False
2023-07-07,35.01134787468253,False
2023-07-08,28.547714420894984,False
2023-07-09,29.62498666319291,False
2023-07-10,32.85680339008668,False
2023-07-11,35.01134787468253,False
2023-07-12,32.85680339008668,False
2023-07-13,44.16816193421488,False
2023-07-14,45.24543417651281,False
2023-07-15,32.31816726893772,False
2023-07-16,28.547714420894984,False
2023-07-17,31.779531147788756,False
2023-07-18,34.47271175353357,False
2023-07-19,33.395439511235644,False
2023-07-20,30.702258905490833,False
2023-07-21,29.086350542043945,False
2023-07-22,27.47044217859706,False
2023-07-23,32.85680339008668,False
2023-07-24,30.702258905490833,False
2023-07-25,30.702258905490833,False
2023-07-26,30.16362278434187,False
2023-07-27,30.16362278434187,False
2023-07-28,28.547714420894984,False
2023-07-29,25.854533815150177,False
2023-07-30,24.77726157285225,False
2023-07-31,27.47044217859706,False
2023-08-01,29.086350542043945,False
2023-08-02,29.62498666319291,False
2023-08-03,30.702258905490833,False
2023-08-04,28.547714420894984,False
2023-08-05,30.16362278434187,False
2023-08-06,26.393169936299138,False
2023-08-07,27.47044217859706,False
2023-08-08,28.009078299746022,False
2023-08-09,28.009078299746022,False
2023-08-10,26.9318060574481,False
2023-08-11,27.47044217859706,False
2023-08-12,24.77726157285225,False
2023-08-13,25.854533815150177,False
2023-08-14,28.009078299746022,False
2023-08-15,28.547714420894984,False
2023-08-16,26.9318060574481,False
2023-08-17,38.243164601576304,False
2023-08-18,53.8636121148962,False
2023-08-19,37.165892359278374,False
2023-08-20,30.702258905490833,False
2023-08-21,33.934075632384605,False
2023-08-22,35.01134787468253,False
2023-08-23,33.934075632384605,False
2023-08-24,30.16362278434187,False
2023-08-25,28.009078299746022,False
2023-08-26,24.77726157285225,False
2023-08-27,26.9318060574481,False
2023-08-28,29.62498666319291,False
2023-08-29,38.781800722725265,False
2023-08-30,32.85680339008668,False
2023-08-31,31.240895026639794,False
2023-09-01,29.62498666319291,False
2023-09-02,26.9318060574481,False
2023-09-03,26.393169936299138,False
2023-09-04,26.9318060574481,False
2023-09-05,26.9318060574481,False
2023-09-06,27.47044217859706,False
2023-09-07,30.702258905490833,False
2023-09-08,28.547714420894984,False
2023-09-09,25.31589769400121,False
