date,positive,neutral,negative
2023-05-01,0.7447274013282683,0.1662237611353808,0.0890488342353568
2023-05-02,0.804997355818642,0.1451878464499174,0.0498147965898457
2023-05-03,0.7422803701033024,0.1408716830095344,0.1168479476156778
2023-05-04,0.8066945964240868,0.0974430060534309,0.0958623959855377
2023-05-05,0.7856098037562614,0.1289105955949404,0.085479602189412
2023-05-06,0.8141287079503269,0.0919018134206348,0.0939694704571323
2023-05-07,0.7580224694530843,0.1645381031566783,0.0774394345800591
2023-05-08,0.7294611567851096,0.1350557268574757,0.1354831142680301
2023-05-09,0.836696430022846,0.0908242178296253,0.0724793497704575
2023-05-10,0.8131638988991375,0.1399591053981037,0.0468769808676363
2023-05-11,0.8710209861715319,0.0996235596129232,0.0293554583430885
2023-05-12,0.8346331541778897,0.0960386997506962,0.0693281458121587
2023-05-13,0.7683653564967511,0.1440418640400454,0.087592774840689
2023-05-14,0.7792757452992763,0.1283568431845636,0.0923674213474935
2023-05-15,0.8238820387675583,0.1304271578211962,0.0456908034746174
2023-05-16,0.7853763699079991,0.1276142052495659,0.0870094244456416
2023-05-17,0.8019549194685629,0.1333856348823071,0.0646594490164763
2023-05-18,0.8345936915877741,0.0931326624905305,0.072273643101625
2023-05-19,0.8231175094949978,0.11160360495304,0.0652788914097855
2023-05-20,0.7304843100306979,0.1424095860809253,0.1271061060511482
2023-05-21,0.8423504094918849,0.0685046330228346,0.0891449554508187
2023-05-22,0.7453444451555049,0.1728643059757311,0.0817912330062121
2023-05-23,0.8156573686258571,0.1259373853558386,0.0584052515547102
2023-05-24,0.8081869540080813,0.1413668718166668,0.0504461798588474
2023-05-25,0.8278177658499518,0.1169960920626187,0.0551861499154112
2023-05-26,0.8132242161741232,0.1452374280796688,0.0415383698261475
2023-05-27,0.7786124815912369,0.1035455433304641,0.1178419709764683
2023-05-28,0.7569193162241941,0.153749526801268,0.0893311419797579
2023-05-29,0.7866537311135724,0.1509492287851545,0.0623970359581467
2023-05-30,0.7488151097190642,0.1955696034098132,0.0556152829663794
2023-05-31,0.7948662452428106,0.1512080861671116,0.0539256678064181
2023-06-01,0.742193619881424,0.1454685863569037,0.1123377933916202
2023-06-02,0.8164593747794242,0.0976906497403272,0.0858499778444576
2023-06-03,0.7873310945752118,0.0633415312438758,0.1493273836796726
2023-06-04,0.8201255418993858,0.0923025950279636,0.0875718639442751
2023-06-05,0.7716596943092671,0.1080422670856207,0.1202980310601347
2023-06-06,0.7733043557928613,0.1434093560115725,0.0832862969429963
2023-06-07,0.8346912181627915,0.0897676495683441,0.0755411282952366
2023-06-08,0.7498888869274333,0.1450401866175295,0.1050709229759809
2023-06-09,0.7391772562105365,0.154286665577445,0.1065360750492026
2023-06-10,0.7949180723593859,0.1013511182969053,0.1037308108525591
2023-06-11,0.7337779441818516,0.1553810015313396,0.1108410584552841
2023-06-12,0.4999387847019534,0.5000144205623656,4.683237045810529e-05
2023-06-13,0.8380567739530989,0.0664953376280026,0.0954478827952662
2023-06-14,0.6947056074595817,0.1527271673741786,0.1525672269167206
2023-06-15,0.8300023377004999,0.0694892369115288,0.1005084182015542
2023-06-16,0.7998203376942281,0.109756507589193,0.0904231541914561
2023-06-17,0.7536178951012152,0.1609747029708555,0.0854073936980324
2023-06-18,0.8850733133605092,0.0598415505227486,0.0550851414084502
2023-06-19,0.8616771797148618,0.0944677722778291,0.0438550481379771
2023-06-20,0.791925061376586,0.1361123113207921,0.0719626155650293
2023-06-21,0.7798755160377406,0.1328007193260581,0.0873237735424018
2023-06-22,0.810523975976451,0.1443087309645483,0.0451672981677446
2023-06-23,0.7333521337890716,0.1373174295473113,0.1293304323390771
2023-06-24,0.7498831654972632,0.1092069351149888,0.1409099060997181
2023-06-25,0.7131766051705791,0.1523730850211127,0.1344503086728946
2023-06-26,0.798833856546882,0.1362361746808193,0.064929964353116
2023-06-27,0.7646397495569278,0.1508063296357022,0.0845539244812838
2023-06-28,0.8141954880286019,0.1196286151435327,0.0661759003969602
2023-06-29,0.8351660491092265,0.0752248782891158,0.0896090802853533
2023-06-30,0.8590116582705752,0.0831768584161381,0.0578114726749174
2023-07-01,0.7729124279275635,0.1658286566300869,0.0612589141075888
2023-07-02,0.7623443662301245,0.1661717836764894,0.0714838455769256
2023-07-03,0.7954105624177155,0.1075397169437856,0.097049713757769
2023-07-04,0.7727666443458687,0.1511526659994147,0.0760806829382688
2023-07-05,0.6953484008415035,0.1777138516667374,0.1269377435700357
2023-07-06,0.7813622371078491,0.1046632158113218,0.1139745491576761
2023-07-07,0.8030181813605963,0.1419870833795065,0.0549947310757126
2023-07-08,0.7649017108762431,0.1016626901638652,0.1334355976350182
2023-07-09,0.8320061362997723,0.0907576684398724,0.0772361869907675
2023-07-10,0.7992901700416571,0.0879410769935852,0.1127687466694999
2023-07-11,0.7707268410901673,0.0846875179833523,0.1445856420591076
2023-07-12,0.7056909382793424,0.1822703491177794,0.1120387107846991
2023-07-13,0.7818929312318557,0.163918359981073,0.0541887070169045
2023-07-14,0.804079278160425,0.1123327808067904,0.0835879415566364
2023-07-15,0.772786255251161,0.0934765703214892,0.1337371726523717
2023-07-16,0.7788151329566242,0.1556289330240281,0.0655559310148095
2023-07-17,0.8450465621345349,0.1133495222813282,0.0416039172366054
2023-07-18,0.7757886623415894,0.1511283633322916,0.0730829831495064
2023-07-19,0.8117647551065721,0.1300528781359845,0.0581823715234225
2023-07-20,0.8656185457230688,0.1028553333378536,0.0315261136194099
2023-07-21,0.8197959237475514,0.1078222367118246,0.0723818394566204
2023-07-22,0.8031801615394647,0.1651990038245898,0.031620838303114
2023-07-23,0.7588959574488975,0.1346452837585074,0.1064587601628385
2023-07-24,0.7936845293547349,0.1350019738935018,0.0713134989330266
2023-07-25,0.7328705166333114,0.1523160437547413,0.1148134463778296
2023-07-26,0.8228325199455371,0.1012592605711336,0.0759082225292678
2023-07-27,0.861754129123534,0.0885245989063964,0.0497212742927263
2023-07-28,0.7693349503131003,0.1590468658110368,0.0716181921927423
2023-07-29,0.8204880910255369,0.1230652153528094,0.0564466922177114
2023-07-30,0.8630601995612426,0.0788116428358233,0.0581281579073031
2023-07-31,0.8429787440282559,0.1031150414526906,0.0539062117226495
2023-08-01,0.826430342552723,0.1033126417953595,0.0702570130671713
2023-08-02,0.799586093780207,0.1080714146857785,0.092342498542513
2023-08-03,0.7750057928350543,0.1597456907549521,0.0652485215359004
2023-08-04,0.8835032127695845,0.0400343074235577,0.0764624741182268
2023-08-05,0.7862912070188092,0.1086711497437747,0.1050376392629856
2023-08-06,0.7465016746170651,0.2103438197212179,0.043154502544808
2023-08-07,0.8465513040256337,0.1341473229332594,0.0193013745881597
2023-08-08,0.8430491984379873,0.1214480523155016,0.0355027401679132
2023-08-09,0.814573151286495,0.123622499759105,0.0618043488311898
2023-08-10,0.7949688443130531,0.1691971250325597,0.0358340300324056
2023-08-11,0.834728697269057,0.143175353456402,0.022095960407103
2023-08-12,0.8736853855986919,0.0749091668710661,0.0514054478512287
2023-08-13,0.745245230468343,0.1625047233588875,0.0922500453052152
2023-08-14,0.7597821353669397,0.1819753830289744,0.0582424843576048
2023-08-15,0.7643402874629579,0.0712237519913705,0.1644359574537587
2023-08-16,0.7584330226450766,0.1303361732176738,0.1112308009648583
2023-08-17,0.7577480660104059,0.1001438993375131,0.1421080340921828
2023-08-18,0.7316699509217292,0.1665058961591223,0.1018241560707792
2023-08-19,0.6936041421034632,0.229669317879046,0.0767265442126132
2023-08-20,0.7401254668631903,0.1920621936625342,0.0678123354267026
2023-08-21,0.8208101070018634,0.1210307758615104,0.058159120554929
2023-08-22,0.7552771397940781,0.1404365786998468,0.1042862811670507
2023-08-23,0.7212819937853021,0.2101529446782513,0.0685650581209624
2023-08-24,0.7664455030400904,0.1657665079968198,0.067787987272306
2023-08-25,0.7672416740790635,0.1983503519685522,0.0344079761059131
2023-08-26,0.7795037412019659,0.1646780205176552,0.0558182374662692
2023-08-27,0.8718507689132864,0.0876946143433192,0.0404546159730192
2023-08-28,0.7926825081122593,0.1028941653781679,0.104423320351147
2023-08-29,0.805107237915951,0.1244961137608215,0.0703966466300674
2023-08-30,0.7992852367438706,0.1533154642140941,0.0473992950019347
2023-08-31,0.8376898323989415,0.092846129383775,0.0694640370688877
2023-09-01,0.8461525484995029,0.0748846909624676,0.0789627669587897
