date,open,high,low,close,adj close,volume
Dec 1 2023,37718.01,38954.11,37629.36,38688.75,38688.75,23512784002
Nov 30 2023,37861.12,38141.75,37531.14,37712.75,37712.75,18115982627
Nov 29 2023,37826.11,38366.11,37612.63,37858.49,37858.49,20728546658
Nov 28 2023,37247.99,38368.48,36891.09,37831.09,37831.09,21696137014
Nov 27 2023,37454.19,37559.36,36750.13,37254.17,37254.17,19002925720
Nov 26 2023,37796.83,37820.30,37162.75,37479.12,37479.12,13744796068
Nov 25 2023,37721.41,37892.43,37617.42,37796.79,37796.79,9099571165
Nov 24 2023,37296.32,38415.34,37261.61,37720.28,37720.28,22922957823
Nov 23 2023,37420.43,37643.92,36923.86,37289.62,37289.62,14214948217
Nov 22 2023,35756.55,37856.98,35670.97,37432.34,37432.34,24397247860
Nov 21 2023,37469.16,37631.14,35813.81,35813.81,35813.81,25172163756
Nov 20 2023,37374.07,37756.82,36882.53,37476.96,37476.96,20888209068
Nov 19 2023,36585.77,37509.36,36414.60,37386.55,37386.55,12915986553
Nov 18 2023,36625.37,36839.28,36233.31,36585.70,36585.70,11886022717
Nov 17 2023,36164.82,36704.48,35901.23,36596.68,36596.68,22445028430
Nov 16 2023,37879.98,37934.63,35545.47,36154.77,36154.77,26007385366
Nov 15 2023,35548.11,37964.89,35383.78,37880.58,37880.58,27365821679
Nov 14 2023,36491.79,36753.35,34948.50,35537.64,35537.64,23857403554
Nov 13 2023,37070.30,37405.12,36399.61,36502.36,36502.36,19057712790
Nov 12 2023,37133.99,37227.69,36779.12,37054.52,37054.52,11545715999
Nov 11 2023,37310.07,37407.09,36773.67,37138.05,37138.05,13924272142
Nov 10 2023,36702.25,37493.80,36362.75,37313.97,37313.97,22711265155
Nov 9 2023,35633.63,37926.26,35592.10,36693.13,36693.13,37762672382
Nov 8 2023,35419.48,35994.42,35147.80,35655.28,35655.28,17295394918
Nov 7 2023,35047.79,35892.42,34545.82,35443.56,35443.56,18834737789
Nov 6 2023,35044.79,35286.03,34765.36,35037.37,35037.37,12693436420
Nov 5 2023,35090.01,35340.34,34594.24,35049.36,35049.36,12412743996
Nov 4 2023,34736.32,35256.03,34616.69,35082.20,35082.20,9561294264
Nov 3 2023,34942.47,34942.47,34133.44,34732.32,34732.32,17158456701
Nov 2 2023,35441.58,35919.84,34401.57,34938.24,34938.24,20998158544
Nov 1 2023,34657.27,35527.93,34170.69,35437.25,35437.25,22446272005
Oct 31 2023,34500.08,34719.25,34083.31,34667.78,34667.78,15758270810
Oct 30 2023,34531.74,34843.93,34110.97,34502.36,34502.36,17184860315
Oct 29 2023,34089.37,34743.26,33947.57,34538.48,34538.48,11160323986
Oct 28 2023,33907.72,34399.39,33874.80,34089.57,34089.57,10160330825
Oct 27 2023,34156.50,34238.21,33416.89,33909.80,33909.80,16418032871
Oct 26 2023,34504.29,34832.91,33762.32,34156.65,34156.65,19427195376
Oct 25 2023,33916.04,35133.76,33709.11,34502.82,34502.82,25254318008
Oct 24 2023,33077.30,35150.43,32880.76,33901.53,33901.53,44934999645
Oct 23 2023,30140.69,34370.44,30097.83,33086.23,33086.23,38363572311
Oct 22 2023,29918.65,30199.43,29720.31,29993.90,29993.90,10446520040
Oct 21 2023,29683.38,30287.48,29481.75,29918.41,29918.41,11541146996
Oct 20 2023,28732.81,30104.09,28601.67,29682.95,29682.95,21536125230
Oct 19 2023,28332.42,28892.47,28177.99,28719.81,28719.81,14448058195
Oct 18 2023,28413.53,28889.01,28174.25,28328.34,28328.34,12724128586
Oct 17 2023,28522.10,28618.75,28110.19,28415.75,28415.75,14872527508
Oct 16 2023,27162.63,29448.14,27130.47,28519.47,28519.47,27833876539
Oct 15 2023,26858.01,27289.17,26817.89,27159.65,27159.65,7098201980
Oct 14 2023,26866.20,26969.00,26814.59,26861.71,26861.71,5388116782
Oct 13 2023,26752.88,27092.70,26686.32,26862.38,26862.38,15165312851
Oct 12 2023,26873.29,26921.44,26558.32,26756.80,26756.80,9392909295
Oct 11 2023,27392.08,27474.12,26561.10,26873.32,26873.32,13648094333
Oct 10 2023,27589.20,27715.85,27301.65,27391.02,27391.02,9973350678
Oct 9 2023,27934.47,27989.47,27302.56,27583.68,27583.68,12007668568
Oct 8 2023,27971.68,28102.17,27740.66,27935.09,27935.09,7916875290
Oct 7 2023,27946.78,28028.09,27870.42,27968.84,27968.84,6553044316
Oct 6 2023,27412.12,28252.54,27215.55,27946.60,27946.60,13492391599
Oct 5 2023,27798.65,28091.86,27375.60,27415.91,27415.91,11877253670
Oct 4 2023,27429.07,27826.66,27248.11,27799.39,27799.39,11143355314
Oct 3 2023,27508.25,27667.19,27216.00,27429.98,27429.98,11407814187
Oct 2 2023,27976.80,28494.46,27347.79,27530.79,27530.79,19793041322
Oct 1 2023,26967.40,28047.24,26965.09,27983.75,27983.75,9503917434
Sep 30 2023,26911.69,27091.79,26888.97,26967.92,26967.92,5331172801
Sep 29 2023,27024.84,27225.94,26721.76,26911.72,26911.72,10396435377
Sep 28 2023,26355.81,27259.50,26327.32,27021.55,27021.55,14079002707
Sep 27 2023,26209.50,26817.84,26111.46,26352.72,26352.72,11718380997
Sep 26 2023,26294.76,26389.88,26090.71,26217.25,26217.25,9985498161
Sep 25 2023,26253.78,26421.51,26011.47,26298.48,26298.48,11997833257
Sep 24 2023,26579.37,26716.06,26221.05,26256.83,26256.83,8192867686
Sep 23 2023,26578.56,26634.19,26520.52,26579.39,26579.39,7404700301
Sep 22 2023,26564.06,26726.08,26495.53,26579.57,26579.57,10578746709
Sep 21 2023,27129.84,27152.94,26389.30,26567.63,26567.63,13371443708
Sep 20 2023,27210.23,27379.51,26864.08,27132.01,27132.01,13281116604
Sep 19 2023,26760.85,27488.76,26681.61,27211.12,27211.12,13807690550
Sep 18 2023,26532.99,27414.73,26415.52,26754.28,26754.28,15615339655
Sep 17 2023,26567.93,26618.00,26445.07,26534.19,26534.19,6774210670
Sep 16 2023,26606.20,26754.77,26473.89,26568.28,26568.28,7402031417
Sep 15 2023,26533.82,26840.50,26240.70,26608.69,26608.69,11479735788
Sep 14 2023,26228.28,26774.62,26171.45,26539.67,26539.67,13811359124
Sep 13 2023,25837.55,26376.11,25781.12,26228.32,26228.32,13072077070
Sep 12 2023,25160.66,26451.94,25133.08,25833.34,25833.34,18657279324
Sep 11 2023,25831.71,25883.95,24930.30,25162.65,25162.65,14600006467
Sep 10 2023,25895.21,25978.13,25640.26,25832.23,25832.23,7899553047
Sep 9 2023,25905.43,25921.98,25810.49,25895.68,25895.68,5481314132
Sep 8 2023,26245.21,26414.01,25677.48,25905.65,25905.65,10817356400
Sep 7 2023,25748.31,26409.30,25608.20,26240.20,26240.20,11088307100
Sep 6 2023,25783.93,25953.02,25404.36,25753.24,25753.24,12752705327
Sep 5 2023,25814.96,25858.38,25589.99,25779.98,25779.98,11094740040
Sep 4 2023,25968.17,26081.53,25657.03,25812.42,25812.42,10680635106
Sep 3 2023,25869.47,26087.15,25817.03,25969.57,25969.57,8962524523
Sep 2 2023,25800.91,25970.29,25753.09,25868.80,25868.80,10100387473
Sep 1 2023,25934.02,26125.87,25362.61,25800.72,25800.72,17202862221
Aug 31 2023,27301.93,27456.08,25752.93,25931.47,25931.47,20181001451
Aug 30 2023,27726.08,27760.16,27069.21,27297.27,27297.27,16343655235
Aug 29 2023,26102.49,28089.34,25912.63,27727.39,27727.39,29368391712
Aug 28 2023,26089.62,26198.58,25880.60,26106.15,26106.15,11002805166
Aug 27 2023,26008.24,26165.37,25965.10,26089.69,26089.69,6913768611
Aug 26 2023,26047.23,26107.38,25983.88,26008.46,26008.46,6034817316
Aug 25 2023,26163.68,26248.10,25786.81,26047.67,26047.67,12406045118
Aug 24 2023,26431.52,26554.91,25914.93,26162.37,26162.37,12871532023
Aug 23 2023,26040.47,26786.90,25805.00,26431.64,26431.64,16985265785
Aug 22 2023,26130.75,26135.51,25520.73,26031.66,26031.66,14503820706
Aug 21 2023,26188.69,26220.20,25846.09,26124.14,26124.14,13371557893
Aug 20 2023,26096.86,26260.68,26004.31,26189.58,26189.58,9036580420
Aug 19 2023,26047.83,26249.45,25802.41,26096.21,26096.21,10631443812
Aug 18 2023,26636.08,26808.20,25668.92,26049.56,26049.56,24026236529
Aug 17 2023,28699.80,28745.95,25409.11,26664.55,26664.55,31120851211
Aug 16 2023,29169.07,29221.98,28701.78,28701.78,28701.78,14949271904
Aug 15 2023,29408.05,29439.12,29088.85,29170.35,29170.35,12640195779
Aug 14 2023,29283.26,29660.25,29124.11,29408.44,29408.44,14013695304
Aug 13 2023,29416.59,29441.43,29265.81,29282.91,29282.91,7329897180
Aug 12 2023,29399.79,29465.11,29357.59,29415.96,29415.96,6194358008
Aug 11 2023,29424.90,29517.77,29253.52,29397.71,29397.71,10195168197
Aug 10 2023,29563.97,29688.56,29354.45,29429.59,29429.59,11865344789
Aug 9 2023,29766.70,30093.44,29376.80,29561.49,29561.49,18379521213
Aug 8 2023,29180.02,30176.80,29113.81,29765.49,29765.49,17570561357
Aug 7 2023,29038.51,29244.28,28724.14,29180.58,29180.58,13618163710
Aug 6 2023,29043.70,29160.82,28963.83,29041.86,29041.86,7269806994
Aug 5 2023,29075.39,29102.46,28957.80,29042.13,29042.13,6598366353
Aug 4 2023,29174.38,29302.08,28885.34,29074.09,29074.09,12036639988
Aug 3 2023,29161.81,29375.71,28959.49,29178.68,29178.68,12780357746
Aug 2 2023,29704.15,29988.00,28946.51,29151.96,29151.96,19212655598
Aug 1 2023,29230.87,29675.73,28657.02,29675.73,29675.73,18272392391
Jul 31 2023,29278.31,29489.87,29131.58,29230.11,29230.11,11656781982
Jul 30 2023,29357.09,29443.17,29059.50,29275.31,29275.31,8678454527
Jul 29 2023,29319.45,29396.84,29264.17,29356.92,29356.92,6481775959
Jul 28 2023,29212.16,29521.51,29125.85,29319.25,29319.25,11218474952
Jul 27 2023,29353.80,29560.97,29099.35,29210.69,29210.69,10770779217
Jul 26 2023,29225.76,29675.55,29113.91,29354.97,29354.97,13497554655
Jul 25 2023,29178.97,29353.16,29062.43,29227.39,29227.39,10266772793
Jul 24 2023,30081.66,30093.39,28934.29,29176.92,29176.92,15395817395
Jul 23 2023,29790.11,30330.64,29741.53,30084.54,30084.54,9220145050
Jul 22 2023,29908.70,29991.62,29664.12,29771.80,29771.80,7873300598
Jul 21 2023,29805.11,30046.00,29733.85,29908.74,29908.74,10972789818
Jul 20 2023,29915.25,30195.53,29638.10,29792.02,29792.02,14655207121
Jul 19 2023,29862.05,30184.18,29794.27,29913.92,29913.92,12128602812
Jul 18 2023,30147.07,30233.66,29556.43,29856.56,29856.56,13138897269
Jul 17 2023,30249.63,30336.40,29685.78,30145.89,30145.89,13240156074
Jul 16 2023,30297.47,30437.56,30089.67,30249.13,30249.13,8516564470
Jul 15 2023,30331.78,30407.78,30263.46,30295.81,30295.81,8011667756
Jul 14 2023,31474.72,31582.25,29966.39,30334.07,30334.07,20917902660
Jul 13 2023,30387.49,31814.52,30268.35,31476.05,31476.05,23686079548
Jul 12 2023,30622.25,30959.96,30228.84,30391.65,30391.65,14805659717
Jul 11 2023,30417.63,30788.31,30358.10,30620.95,30620.95,12151839152
Jul 10 2023,30172.42,31026.08,29985.39,30414.47,30414.47,14828209155
Jul 9 2023,30291.61,30427.59,30085.59,30171.23,30171.23,7903327692
Jul 8 2023,30346.92,30374.44,30080.16,30292.54,30292.54,7509378699
Jul 7 2023,29908.00,30434.64,29777.29,30342.27,30342.27,13384770155
Jul 6 2023,30507.15,31460.05,29892.23,29909.34,29909.34,21129219509
Jul 5 2023,30778.72,30877.33,30225.61,30514.17,30514.17,12481622280
Jul 4 2023,31156.87,31325.20,30659.36,30777.58,30777.58,12810828427
Jul 3 2023,30624.52,31375.61,30586.51,31156.44,31156.44,15271884873
Jul 2 2023,30587.27,30766.14,30264.02,30620.77,30620.77,10533418042
Jul 1 2023,30471.85,30641.29,30328.87,30590.08,30590.08,9086606733
Jun 30 2023,30441.35,31256.86,29600.28,30477.25,30477.25,26387306197
Jun 29 2023,30086.19,30796.25,30057.20,30445.35,30445.35,13180860821
Jun 28 2023,30696.56,30703.28,29921.82,30086.25,30086.25,14571500779
Jun 27 2023,30274.32,31006.79,30236.65,30688.16,30688.16,16428827944
Jun 26 2023,30480.52,30636.03,29955.74,30271.13,30271.13,16493186997
Jun 25 2023,30545.15,31041.27,30327.94,30480.26,30480.26,12703464114
Jun 24 2023,30708.74,30804.15,30290.15,30548.70,30548.70,12147822496
Jun 23 2023,29896.38,31389.54,29845.21,30695.47,30695.47,24115570085
Jun 22 2023,29995.94,30496.00,29679.16,29912.28,29912.28,20653160491
Jun 21 2023,28311.31,30737.33,28283.41,30027.30,30027.30,33346760979
Jun 20 2023,26841.66,28388.97,26668.79,28327.49,28327.49,22211859147
Jun 19 2023,26335.44,26984.61,26312.83,26851.03,26851.03,12826986222
Jun 18 2023,26510.46,26675.93,26325.89,26336.21,26336.21,9565695129
Jun 17 2023,26328.68,26769.39,26174.49,26510.68,26510.68,11090276850
Jun 16 2023,25575.28,26463.17,25245.36,26327.46,26327.46,16324646965
Jun 15 2023,25121.67,25735.31,24797.17,25576.39,25576.39,15837384409
Jun 14 2023,25920.26,26041.80,24902.15,25124.68,25124.68,14265717766
Jun 13 2023,25902.94,26376.35,25728.37,25918.73,25918.73,14143474486
Jun 12 2023,25934.29,26087.92,25675.20,25902.50,25902.50,11677889997
Jun 11 2023,25854.03,26203.44,25668.99,25940.17,25940.17,10732609603
Jun 10 2023,26481.76,26531.04,25501.84,25851.24,25851.24,19872933189
Jun 9 2023,26505.92,26770.29,26339.31,26480.38,26480.38,11015551640
Jun 8 2023,26347.65,26797.51,26246.66,26508.22,26508.22,11904824295
Jun 7 2023,27235.65,27332.18,26146.99,26346.00,26346.00,19530045082
Jun 6 2023,25732.11,27313.82,25434.87,27238.78,27238.78,21929670693
Jun 5 2023,27123.11,27129.98,25445.17,25760.10,25760.10,21513292646
Jun 4 2023,27075.12,27407.02,26968.22,27119.07,27119.07,9360912318
Jun 3 2023,27252.32,27317.05,26958.00,27075.13,27075.13,8385597470
Jun 2 2023,26824.56,27303.86,26574.64,27249.59,27249.59,14837415000
Jun 1 2023,27218.41,27346.11,26671.72,26819.97,26819.97,14678970415
May 31 2023,27700.53,27831.68,26866.45,27219.66,27219.66,15656371534
May 30 2023,27745.12,28044.76,27588.50,27702.35,27702.35,13251081851
May 29 2023,28075.59,28432.04,27563.88,27745.88,27745.88,15181308984
May 28 2023,26871.16,28193.45,26802.75,28085.65,28085.65,14545229578
May 27 2023,26720.18,26888.88,26621.14,26868.35,26868.35,7892015141
May 26 2023,26474.18,26916.67,26343.95,26719.29,26719.29,12711619225
May 25 2023,26329.46,26591.52,25890.59,26476.21,26476.21,13851122697
May 24 2023,27224.60,27224.60,26106.58,26334.82,26334.82,16299104428
May 23 2023,26855.96,27434.68,26816.18,27225.73,27225.73,13697203143
May 22 2023,26749.89,27045.73,26549.73,26851.28,26851.28,11056770492
May 21 2023,27118.42,27265.92,26706.92,26753.83,26753.83,8647416921
May 20 2023,26888.84,27155.16,26843.28,27129.59,27129.59,7044911360
May 19 2023,26826.75,27128.62,26700.21,26890.13,26890.13,11258983301
May 18 2023,27401.65,27466.53,26415.10,26832.21,26832.21,15222938600
May 17 2023,27035.47,27465.93,26600.14,27398.80,27398.80,15140006925
May 16 2023,27171.51,27299.30,26878.95,27036.65,27036.65,12732238816
May 15 2023,26931.38,27646.35,26766.10,27192.69,27192.69,14413231792
May 14 2023,26788.97,27150.98,26661.36,26930.64,26930.64,10014858959
May 13 2023,26807.77,27030.48,26710.87,26784.08,26784.08,9999171605
May 12 2023,26987.66,27055.65,25878.43,26804.99,26804.99,19313599897
May 11 2023,27621.09,27621.94,26781.83,27000.79,27000.79,16724343943
May 10 2023,27654.64,28322.69,26883.67,27621.76,27621.76,20656025026
May 9 2023,27695.07,27821.40,27375.60,27658.78,27658.78,14128593256
May 8 2023,28450.46,28663.27,27310.13,27694.27,27694.27,19122903752
May 7 2023,28901.62,29157.52,28441.37,28454.98,28454.98,11301355486
May 6 2023,29538.86,29820.13,28468.97,28904.62,28904.62,15913866714
May 5 2023,28851.48,29668.91,28845.51,29534.38,29534.38,17936566518
May 4 2023,29031.30,29353.19,28694.04,28847.71,28847.71,15548678514
May 3 2023,28680.49,29259.53,28178.39,29006.31,29006.31,19122972518
May 2 2023,28087.18,28881.30,27924.12,28680.54,28680.54,16432924527
May 1 2023,29227.10,29329.94,27680.79,28091.57,28091.57,18655599976
Apr 30 2023,29245.52,29952.03,29114.02,29268.81,29268.81,14652199272
Apr 29 2023,29336.57,29452.46,29088.04,29248.49,29248.49,10662634333
Apr 28 2023,29481.01,29572.79,28929.61,29340.26,29340.26,17544464887
Apr 27 2023,28428.46,29871.55,28402.89,29473.79,29473.79,27153445027
Apr 26 2023,28300.06,29995.84,27324.55,28422.70,28422.70,31854242019
Apr 25 2023,27514.87,28371.08,27207.93,28307.60,28307.60,17733373139
Apr 24 2023,27591.73,27979.98,27070.85,27525.34,27525.34,17703288330
Apr 23 2023,27816.14,27820.24,27400.31,27591.38,27591.38,12785446832
Apr 22 2023,27265.89,27872.14,27169.57,27817.50,27817.50,13125734602
Apr 21 2023,28249.23,28349.97,27177.37,27276.91,27276.91,20759504330
Apr 20 2023,28823.68,29076.40,28037.26,28245.99,28245.99,21340360360
Apr 19 2023,30394.19,30411.05,28669.90,28822.68,28822.68,24571565421
Apr 18 2023,29449.09,30470.30,29154.85,30397.55,30397.55,19480529496
Apr 17 2023,30317.15,30319.20,29275.37,29445.04,29445.04,17872186762
Apr 16 2023,30315.98,30555.54,30157.83,30315.36,30315.36,12854816417
Apr 15 2023,30490.75,30601.74,30245.88,30318.50,30318.50,11940685378
Apr 14 2023,30409.56,31005.61,30044.50,30485.70,30485.70,22659995079
Apr 13 2023,29892.74,30539.85,29878.62,30399.07,30399.07,17487721001
Apr 12 2023,30231.58,30462.48,29725.57,30139.05,30139.05,18651929926
Apr 11 2023,29653.68,30509.08,29609.30,30235.06,30235.06,20121259843
Apr 10 2023,28336.03,29771.46,28189.27,29652.98,29652.98,19282400094
Apr 9 2023,27952.37,28532.83,27828.48,28333.05,28333.05,12175322951
Apr 8 2023,27920.51,28159.86,27883.39,27947.79,27947.79,9373255556
Apr 7 2023,28038.97,28111.59,27794.03,27925.86,27925.86,10861680497
Apr 6 2023,28175.23,28178.38,27738.76,28044.14,28044.14,13837809380
Apr 5 2023,28169.73,28739.24,27843.76,28177.98,28177.98,17052315986
Apr 4 2023,27795.27,28433.74,27681.30,28168.09,28168.09,15284538859
Apr 3 2023,28183.08,28475.62,27276.72,27790.22,27790.22,19556501327
Apr 2 2023,28462.85,28518.96,27884.09,28199.31,28199.31,12284641999
Apr 1 2023,28473.33,28802.46,28297.17,28411.04,28411.04,10876469901
Mar 31 2023,28032.26,28639.90,27583.71,28478.48,28478.48,19001327598
Mar 30 2023,28350.14,29159.90,27720.16,28033.56,28033.56,22435349951
Mar 29 2023,27267.03,28619.54,27259.66,28348.44,28348.44,20684945906
Mar 28 2023,27132.89,27460.72,26677.82,27268.13,27268.13,17783600385
Mar 27 2023,27994.07,28037.93,26606.69,27139.89,27139.89,18188895178
Mar 26 2023,27495.52,28178.14,27445.05,27994.33,27994.33,13878363192
Mar 25 2023,27487.34,27791.83,27196.23,27494.71,27494.71,13383005987
Mar 24 2023,28324.11,28388.44,27039.27,27493.29,27493.29,25980310960
Mar 23 2023,27301.96,28729.84,27183.36,28333.97,28333.97,24220433689
Mar 22 2023,28158.72,28803.34,26760.00,27307.44,27307.44,33382021890
Mar 21 2023,27768.39,28439.56,27439.65,28175.82,28175.82,36102192830
Mar 20 2023,28041.60,28527.72,27242.88,27767.24,27767.24,44774027664
Mar 19 2023,26969.50,28440.56,26907.72,28038.68,28038.68,37769448859
Mar 18 2023,27448.12,27725.95,26636.26,26965.88,26965.88,35723036817
Mar 17 2023,25055.12,27787.81,24955.17,27423.93,27423.93,50730261335
Mar 16 2023,24373.46,25190.33,24225.11,25052.79,25052.79,33866061747
Mar 15 2023,24770.93,25240.62,23964.91,24375.96,24375.96,43655701450
Mar 14 2023,24201.77,26514.72,24081.18,24746.07,24746.07,54622230164
Mar 13 2023,22156.41,24550.84,21918.20,24197.53,24197.53,49466362688
Mar 12 2023,20628.03,22185.03,20448.81,22163.95,22163.95,29279035521
Mar 11 2023,20187.88,20792.53,20068.66,20632.41,20632.41,30180288176
Mar 10 2023,20367.00,20370.60,19628.25,20187.24,20187.24,39578257695
Mar 9 2023,21720.08,21802.72,20210.31,20363.02,20363.02,30364664171
Mar 8 2023,22216.44,22268.90,21708.05,21718.08,21718.08,22536575684
Mar 7 2023,22428.32,22527.42,22011.26,22219.77,22219.77,22765452204
Mar 6 2023,22436.82,22584.29,22331.31,22429.76,22429.76,17353192895
Mar 5 2023,22354.14,22613.69,22307.14,22435.51,22435.51,13317001733
Mar 4 2023,22362.92,22405.18,22198.98,22353.35,22353.35,11166012913
Mar 3 2023,23476.63,23479.35,22213.24,22362.68,22362.68,26062404610
Mar 2 2023,23647.02,23739.14,23245.02,23475.47,23475.47,20386398516
Mar 1 2023,23150.93,23880.63,23088.63,23646.55,23646.55,24662841200
Feb 28 2023,23521.84,23585.38,23077.65,23147.35,23147.35,20535363434
Feb 27 2023,23561.45,23857.89,23205.88,23522.87,23522.87,22660763494
Feb 26 2023,23174.15,23654.37,23084.22,23561.21,23561.21,16644534842
Feb 25 2023,23200.13,23210.21,22861.56,23175.38,23175.38,16100721565
Feb 24 2023,23946.01,24103.71,23007.07,23198.13,23198.13,26811744928
Feb 23 2023,24190.72,24572.09,23693.92,23947.49,23947.49,30476264066
Feb 22 2023,24437.42,24472.34,23644.32,24188.84,24188.84,30199996781
Feb 21 2023,24833.05,25126.85,24200.36,24436.35,24436.35,31252098714
Feb 20 2023,24336.62,25020.46,23927.91,24829.15,24829.15,28987376573
Feb 19 2023,24640.03,25093.05,24327.64,24327.64,24327.64,25555105670
Feb 18 2023,24565.30,24798.84,24468.37,24641.28,24641.28,19625427158
Feb 17 2023,23621.28,24924.04,23460.76,24565.60,24565.60,41358451255
Feb 16 2023,24307.35,25134.12,23602.52,23623.47,23623.47,39316664596
Feb 15 2023,22220.59,24307.84,22082.77,24307.84,24307.84,32483312909
Feb 14 2023,21801.82,22293.14,21632.39,22220.80,22220.80,26792596581
Feb 13 2023,21787.00,21898.41,21460.09,21808.10,21808.10,23918742607
Feb 12 2023,21870.90,22060.99,21682.83,21788.20,21788.20,17821046406
Feb 11 2023,21651.84,21891.41,21618.45,21870.88,21870.88,16356226232
Feb 10 2023,21819.01,21941.19,21539.39,21651.18,21651.18,27078406594
Feb 9 2023,22946.57,22996.44,21773.97,21819.04,21819.04,32572572185
Feb 8 2023,23263.42,23367.96,22731.10,22939.40,22939.40,25371367758
Feb 7 2023,22757.27,23310.97,22756.26,23264.29,23264.29,27187964471
Feb 6 2023,22954.02,23119.28,22692.03,22760.11,22760.11,23825006542
Feb 5 2023,23332.25,23423.44,22841.76,22955.67,22955.67,19564262605
Feb 4 2023,23446.32,23556.95,23291.79,23331.85,23331.85,15639298538
Feb 3 2023,23469.41,23678.10,23279.96,23449.32,23449.32,27083066007
Feb 2 2023,23720.82,24167.21,23468.60,23471.87,23471.87,32066936882
Feb 1 2023,23137.84,23764.54,22877.75,23723.77,23723.77,26683255504
Jan 31 2023,22840.80,23225.02,22765.57,23139.28,23139.28,22837828665
Jan 30 2023,23774.65,23789.35,22657.58,22840.14,22840.14,27205595568
Jan 29 2023,23031.45,23919.89,22985.07,23774.57,23774.57,27423687259
Jan 28 2023,23079.96,23165.90,22908.85,23031.09,23031.09,14712928379
Jan 27 2023,23030.72,23417.72,22654.59,23078.73,23078.73,25383335641
Jan 26 2023,23108.96,23237.08,22911.37,23032.78,23032.78,26357839322
Jan 25 2023,22639.27,23722.10,22406.08,23117.86,23117.86,30685366709
Jan 24 2023,22929.63,23134.01,22549.74,22636.47,22636.47,26405069715
Jan 23 2023,22721.09,23126.49,22654.30,22934.43,22934.43,26518700512
Jan 22 2023,22777.99,23056.73,22387.90,22720.42,22720.42,24746386230
Jan 21 2023,22677.43,23282.35,22511.83,22777.63,22777.63,32442278429
Jan 20 2023,21085.37,22692.36,20919.13,22676.55,22676.55,28799154319
Jan 19 2023,20686.75,21163.01,20685.38,21086.79,21086.79,21152848261
Jan 18 2023,21161.05,21564.50,20541.54,20688.78,20688.78,30005625418
Jan 17 2023,21175.83,21438.66,20978.53,21161.52,21161.52,24999983362
Jan 16 2023,20882.22,21360.88,20715.75,21169.63,21169.63,26792494050
Jan 15 2023,20977.48,20993.75,20606.99,20880.80,20880.80,19298407543
Jan 14 2023,19910.54,21075.14,19907.83,20976.30,20976.30,38967784639
Jan 13 2023,18868.91,19964.32,18753.16,19909.57,19909.57,29225029694
Jan 12 2023,18117.59,19030.09,17995.20,18869.59,18869.59,34971338710
Jan 11 2023,17446.36,17934.90,17337.99,17934.90,17934.90,18372283782
Jan 10 2023,17192.95,17484.72,17162.99,17446.29,17446.29,15808338949
Jan 9 2023,17093.99,17389.96,17093.99,17196.55,17196.55,18624736866
Jan 8 2023,16954.15,17091.14,16924.05,17091.14,17091.14,9768827914
Jan 7 2023,16952.12,16975.02,16914.19,16955.08,16955.08,7714767174
Jan 6 2023,16836.47,16991.99,16716.42,16951.97,16951.97,14413662913
Jan 5 2023,16863.47,16884.02,16790.28,16836.74,16836.74,13692758566
Jan 4 2023,16680.21,16964.59,16667.76,16863.24,16863.24,18421743322
Jan 3 2023,16688.85,16760.45,16622.37,16679.86,16679.86,13903079207
Jan 2 2023,16625.51,16759.34,16572.23,16688.47,16688.47,12097775227
Jan 1 2023,16547.91,16630.44,16521.23,16625.08,16625.08,9244361700
Dec 31 2022,16603.67,16628.99,16517.52,16547.50,16547.50,11239186456
Dec 30 2022,16641.33,16643.43,16408.47,16602.59,16602.59,15929162910
Dec 29 2022,16552.32,16651.76,16508.68,16642.34,16642.34,14472237479
Dec 28 2022,16716.40,16768.17,16497.56,16552.57,16552.57,17005713920
Dec 27 2022,16919.29,16959.85,16642.07,16717.17,16717.17,15748580239
Dec 26 2022,16842.25,16920.12,16812.37,16919.80,16919.80,11886957804
Dec 25 2022,16847.51,16860.55,16755.25,16841.99,16841.99,11656379938
Dec 24 2022,16796.98,16864.70,16793.53,16847.76,16847.76,9744636213
Dec 23 2022,16829.64,16905.22,16794.46,16796.95,16796.95,15329265213
Dec 22 2022,16818.38,16866.67,16592.41,16830.34,16830.34,16441573050
Dec 21 2022,16904.53,16916.80,16755.91,16817.54,16817.54,14882945045
Dec 20 2022,16441.79,17012.98,16427.87,16906.30,16906.30,22722096615
Dec 19 2022,16759.04,16807.53,16398.14,16439.68,16439.68,17221074814
Dec 18 2022,16795.61,16815.39,16697.82,16757.98,16757.98,10924354698
Dec 17 2022,16646.98,16800.59,16614.03,16795.09,16795.09,14463581825
Dec 16 2022,17364.55,17505.53,16584.70,16647.48,16647.48,24031608960
Dec 15 2022,17813.64,17846.74,17322.59,17364.87,17364.87,20964448341
Dec 14 2022,17782.07,18318.53,17739.51,17815.65,17815.65,25534481470
Dec 13 2022,17206.44,17930.09,17111.76,17781.32,17781.32,26634741631
Dec 12 2022,17102.50,17212.56,16899.39,17206.44,17206.44,19617581341
Dec 11 2022,17129.71,17245.63,17091.82,17104.19,17104.19,14122486832
Dec 10 2022,17134.22,17216.83,17120.68,17128.72,17128.72,12706781969
Dec 9 2022,17232.15,17280.55,17100.84,17133.15,17133.15,20328426366
Dec 8 2022,16847.35,17267.92,16788.78,17233.47,17233.47,20496603770
Dec 7 2022,17089.51,17109.38,16750.56,16848.13,16848.13,19675404389
Dec 6 2022,16975.24,17091.86,16939.92,17089.50,17089.50,19889922369
Dec 5 2022,17128.89,17378.15,16922.43,16974.83,16974.83,22209086834
Dec 4 2022,16908.17,17157.77,16903.44,17130.49,17130.49,16824520830
Dec 3 2022,17090.10,17116.04,16888.14,16908.24,16908.24,16217776704
Dec 2 2022,16968.68,17088.66,16877.88,17088.66,17088.66,19539705127
Dec 1 2022,17168.00,17197.50,16888.39,16967.13,16967.13,22895392882
Nov 30 2022,16445.48,17190.94,16445.48,17168.57,17168.57,29523576583
Nov 29 2022,16217.64,16522.26,16139.40,16444.98,16444.98,23581685468
Nov 28 2022,16440.22,16482.93,16054.53,16217.32,16217.32,27743025156
Nov 27 2022,16463.88,16594.41,16437.03,16444.63,16444.63,20443898509
Nov 26 2022,16521.58,16666.86,16416.23,16464.28,16464.28,18000008764
Nov 25 2022,16602.27,16603.32,16388.40,16521.84,16521.84,18678255976
Nov 24 2022,16611.64,16771.47,16501.77,16604.46,16604.46,26129037414
Nov 23 2022,16195.59,16638.19,16170.50,16610.71,16610.71,32958875628
Nov 22 2022,15782.30,16253.05,15656.61,16189.77,16189.77,30726828760
Nov 21 2022,16291.22,16291.22,15599.05,15787.28,15787.28,37429485518
Nov 20 2022,16712.92,16746.78,16248.69,16291.83,16291.83,21313378652
Nov 19 2022,16696.22,16797.88,16570.41,16711.55,16711.55,16106223492
Nov 18 2022,16687.91,16947.06,16564.61,16697.78,16697.78,26862218609
Nov 17 2022,16670.43,16726.44,16460.68,16687.52,16687.52,27868914022
Nov 16 2022,16884.34,16960.29,16430.11,16669.44,16669.44,33925512989
Nov 15 2022,16617.48,17051.96,16542.55,16884.61,16884.61,36599436183
Nov 14 2022,16352.03,17109.32,15872.94,16618.20,16618.20,49630243054
Nov 13 2022,16799.72,16920.77,16320.63,16353.37,16353.37,27209183682
Nov 12 2022,17036.88,17066.68,16651.78,16799.19,16799.19,29717699419
Nov 11 2022,17583.25,17650.94,16543.48,17034.29,17034.29,55871616488
Nov 10 2022,15883.16,18054.31,15834.02,17586.77,17586.77,83202283721
Nov 9 2022,18543.76,18590.46,15682.69,15880.78,15880.78,102905151606
Nov 8 2022,20600.67,20664.61,17603.54,18541.27,18541.27,118992465607
Nov 7 2022,20924.62,21053.25,20489.97,20602.82,20602.82,53510852236
Nov 6 2022,21285.06,21345.38,20920.19,20926.49,20926.49,35082693210
Nov 5 2022,21144.83,21446.89,21097.63,21282.69,21282.69,37846047609
Nov 4 2022,20208.77,21209.56,20188.02,21147.23,21147.23,64072727950
Nov 3 2022,20162.69,20382.10,20086.24,20209.99,20209.99,43228750179
Nov 2 2022,20482.96,20742.81,20087.13,20159.50,20159.50,55552169483
Nov 1 2022,20494.90,20647.29,20359.85,20485.27,20485.27,39819303159
Oct 31 2022,20633.70,20795.32,20287.46,20495.77,20495.77,45668466815
Oct 30 2022,20817.98,20917.01,20547.46,20635.60,20635.60,31486345556
Oct 29 2022,20595.10,20988.39,20566.48,20818.48,20818.48,40369840645
Oct 28 2022,20287.96,20724.98,20086.07,20595.35,20595.35,43994715910
Oct 27 2022,20772.80,20854.04,20255.37,20285.84,20285.84,49625110402
Oct 26 2022,20092.24,20938.13,20076.12,20770.44,20770.44,58895950537
Oct 25 2022,19344.96,20348.41,19261.45,20095.86,20095.86,47761524910
Oct 24 2022,19567.77,19589.13,19206.32,19345.57,19345.57,30202235805
Oct 23 2022,19207.73,19646.65,19124.20,19567.01,19567.01,22128794335
Oct 22 2022,19172.38,19248.07,19132.24,19208.19,19208.19,16104440957
Oct 21 2022,19053.20,19237.38,18770.97,19172.47,19172.47,32459287866
Oct 20 2022,19138.09,19315.20,18971.46,19053.74,19053.74,24493974420
Oct 19 2022,19335.03,19348.42,19127.69,19139.54,19139.54,22425387184
Oct 18 2022,19550.47,19666.99,19144.77,19334.42,19334.42,30580012344
Oct 17 2022,19268.56,19635.80,19173.33,19550.76,19550.76,27472552998
Oct 16 2022,19068.91,19389.60,19068.91,19268.09,19268.09,17988916650
Oct 15 2022,19185.44,19212.54,19019.25,19067.63,19067.63,16192235532
Oct 14 2022,19382.53,19889.15,19115.41,19185.66,19185.66,38452356727
Oct 13 2022,19156.97,19453.33,18319.82,19382.90,19382.90,44219840004
Oct 12 2022,19052.65,19203.20,19029.76,19157.45,19157.45,24950173846
Oct 11 2022,19139.00,19241.96,18925.60,19051.42,19051.42,28711532910
Oct 10 2022,19446.42,19515.47,19102.98,19141.48,19141.48,27425022774
Oct 9 2022,19417.48,19542.54,19349.26,19446.43,19446.43,16837262532
Oct 8 2022,19546.33,19601.70,19299.41,19416.57,19416.57,16437423167
Oct 7 2022,19957.56,20041.09,19395.79,19546.85,19546.85,29227315390
Oct 6 2022,20161.04,20408.39,19900.09,19955.44,19955.44,34711412966
Oct 5 2022,20335.90,20343.75,19801.80,20160.72,20160.72,33223790572
Oct 4 2022,19623.58,20380.34,19523.84,20336.84,20336.84,35887278685
Oct 3 2022,19044.07,19653.54,19025.23,19623.58,19623.58,30484729489
Oct 2 2022,19311.85,19370.31,18970.62,19044.11,19044.11,20765955327
Oct 1 2022,19431.11,19471.15,19231.08,19312.10,19312.10,18719537670
Sep 30 2022,19573.43,20109.85,19265.66,19431.79,19431.79,43975248085
Sep 29 2022,19427.78,19589.27,18924.35,19573.05,19573.05,41037843771
Sep 28 2022,19104.62,19688.34,18553.30,19426.72,19426.72,53071298734
Sep 27 2022,19221.84,20338.46,18915.67,19110.55,19110.55,58571439619
Sep 26 2022,18803.90,19274.87,18721.29,19222.67,19222.67,44148798321
Sep 25 2022,18936.31,19134.73,18696.47,18802.10,18802.10,23359966112
Sep 24 2022,19296.99,19310.20,18861.97,18937.01,18937.01,26149643168
Sep 23 2022,19412.40,19464.67,18617.55,19297.64,19297.64,38896078052
Sep 22 2022,18534.65,19456.91,18415.59,19413.55,19413.55,41135767926
Sep 21 2022,18891.28,19674.63,18290.31,18547.40,18547.40,46363793975
Sep 20 2022,19545.59,19602.46,18813.46,18890.79,18890.79,36791346508
Sep 19 2022,19418.57,19639.48,18390.32,19544.13,19544.13,40177002624
Sep 18 2022,20127.23,20127.23,19387.49,19419.51,19419.51,31254779144
Sep 17 2022,19777.03,20162.53,19777.03,20127.58,20127.58,24957448100
Sep 16 2022,19704.01,19870.63,19400.08,19772.58,19772.58,30123362273
Sep 15 2022,20242.29,20318.17,19636.73,19701.21,19701.21,36389011503
Sep 14 2022,20184.55,20467.20,19793.40,20241.09,20241.09,37872380889
Sep 13 2022,22371.48,22673.82,20062.67,20296.71,20296.71,51091116622
Sep 12 2022,21770.15,22439.18,21603.90,22370.45,22370.45,50212088965
Sep 11 2022,21678.54,21770.55,21406.95,21769.26,21769.26,34493951963
Sep 10 2022,21376.91,21760.28,21168.72,21680.54,21680.54,36913738894
Sep 9 2022,19328.14,21439.41,19310.96,21381.15,21381.15,48469528171
Sep 8 2022,19289.94,19417.35,19076.71,19329.83,19329.83,32194477850
Sep 7 2022,18837.68,19427.17,18644.47,19290.32,19290.32,35239757134
Sep 6 2022,19817.72,20155.27,18800.17,18837.67,18837.67,43403978910
Sep 5 2022,19988.79,20031.16,19673.05,19812.37,19812.37,28813460025
Sep 4 2022,19832.47,19999.69,19636.82,19986.71,19986.71,25245861652
Sep 3 2022,19969.72,20037.01,19698.36,19832.09,19832.09,23613051457
Sep 2 2022,20126.07,20401.57,19814.77,19969.77,19969.77,29123998928
Sep 1 2022,20050.50,20198.39,19653.97,20127.14,20127.14,30182031010
Aug 31 2022,19799.58,20420.99,19799.58,20049.76,20049.76,33225232872
Aug 30 2022,20298.61,20542.64,19617.64,19796.81,19796.81,34483360283
Aug 29 2022,19615.15,20357.46,19600.79,20297.99,20297.99,32637854078
Aug 28 2022,20041.04,20139.05,19616.81,19616.81,19616.81,24366810591
Aug 27 2022,20262.48,20340.78,19890.52,20041.74,20041.74,30116729776
Aug 26 2022,21596.09,21804.91,20199.48,20260.02,20260.02,42326789564
Aug 25 2022,21395.46,21789.64,21362.44,21600.90,21600.90,31028679593
Aug 24 2022,21526.46,21783.08,21195.01,21395.02,21395.02,31962253368
Aug 23 2022,21401.04,21646.20,20955.14,21528.09,21528.09,31878280659
Aug 22 2022,21531.46,21531.46,20939.18,21398.91,21398.91,31666498758
Aug 21 2022,21160.39,21668.85,21103.20,21534.12,21534.12,23102307723
Aug 20 2022,20872.84,21350.81,20856.73,21166.06,21166.06,27595671000
Aug 19 2022,23213.31,23213.31,20868.85,20877.55,20877.55,40509610260
Aug 18 2022,23341.04,23563.83,23177.60,23212.74,23212.74,23747613147
Aug 17 2022,23881.32,24407.06,23243.35,23336.00,23336.00,30931623076
Aug 16 2022,24126.14,24228.42,23733.50,23883.29,23883.29,27753685646
Aug 15 2022,24318.32,25135.59,23839.78,24136.97,24136.97,35123501685
Aug 14 2022,24429.06,24974.91,24206.26,24319.33,24319.33,22994133555
Aug 13 2022,24402.19,24860.05,24346.12,24424.07,24424.07,22987346289
Aug 12 2022,23957.20,24412.57,23657.27,24402.82,24402.82,27265804688
Aug 11 2022,23948.35,24822.63,23901.00,23957.53,23957.53,37127036580
Aug 10 2022,23162.90,24127.41,22771.52,23947.64,23947.64,32837431722
Aug 9 2022,23811.48,23898.62,22982.00,23164.32,23164.32,23555719219
Aug 8 2022,23179.53,24203.69,23176.55,23809.49,23809.49,28575544847
Aug 7 2022,22963.51,23359.01,22894.56,23175.89,23175.89,15886817043
Aug 6 2022,23291.42,23326.56,22961.28,22961.28,22961.28,15978259885
Aug 5 2022,22626.83,23422.83,22612.18,23289.31,23289.31,28881249043
Aug 4 2022,22848.21,23198.01,22485.70,22630.96,22630.96,25120229769
Aug 3 2022,22981.30,23578.65,22747.84,22846.51,22846.51,26288169966
Aug 2 2022,23308.43,23415.04,22710.08,22978.12,22978.12,28389250717
Aug 1 2022,23336.72,23464.79,22890.80,23314.20,23314.20,25849159141
Jul 31 2022,23652.07,24121.64,23275.70,23336.90,23336.90,23553591896
Jul 30 2022,23796.82,24572.58,23580.51,23656.21,23656.21,28148218301
Jul 29 2022,23845.21,24294.79,23481.17,23804.63,23804.63,35887249746
Jul 28 2022,22933.64,24110.47,22722.27,23843.89,23843.89,40212386158
Jul 27 2022,21244.17,22986.53,21070.81,22930.55,22930.55,31758955233
Jul 26 2022,21361.12,21361.12,20776.82,21239.75,21239.75,28624673855
Jul 25 2022,22607.16,22649.12,21361.64,21361.70,21361.70,35574561406
Jul 24 2022,22465.51,22974.00,22306.84,22609.16,22609.16,23565495303
Jul 23 2022,22706.98,22977.21,22002.91,22465.48,22465.48,24021799169
Jul 22 2022,23163.75,23671.93,22603.42,22714.98,22714.98,31421555646
Jul 21 2022,23233.20,23388.32,22431.15,23164.63,23164.63,33631012204
Jul 20 2022,23393.19,24196.82,23009.95,23231.73,23231.73,42932549127
Jul 19 2022,22467.85,23666.96,21683.41,23389.43,23389.43,48765202697
Jul 18 2022,20781.91,22633.03,20781.91,22485.69,22485.69,39974475562
Jul 17 2022,21195.04,21600.64,20778.18,20779.34,20779.34,22927802083
Jul 16 2022,20834.10,21514.40,20518.90,21190.32,21190.32,24302954056
Jul 15 2022,20573.16,21138.24,20397.00,20836.33,20836.33,25905575359
Jul 14 2022,20211.47,20789.89,19689.26,20569.92,20569.92,31158743333
Jul 13 2022,19325.97,20223.05,18999.95,20212.07,20212.07,33042430345
Jul 12 2022,19970.47,20043.45,19308.53,19323.91,19323.91,25810220018
Jul 11 2022,20856.35,20856.35,19924.54,19970.56,19970.56,24150249025
Jul 10 2022,21591.08,21591.08,20727.12,20860.45,20860.45,28688807249
Jul 9 2022,21716.83,21877.14,21445.96,21592.21,21592.21,29641127858
Jul 8 2022,21637.15,22314.94,21257.45,21731.12,21731.12,49899834488
Jul 7 2022,20547.81,21771.82,20296.10,21637.59,21637.59,25814972520
Jul 6 2022,20194.62,20595.53,19823.51,20548.25,20548.25,24598943708
Jul 5 2022,20225.35,20635.47,19341.23,20190.12,20190.12,26715546990
Jul 4 2022,19297.31,20258.75,19063.07,20231.26,20231.26,21594638208
Jul 3 2022,19242.10,19558.27,18966.95,19297.08,19297.08,16390821947
Jul 2 2022,19274.84,19371.75,19027.08,19242.26,19242.26,18100418740
Jul 1 2022,19820.47,20632.67,19073.71,19269.37,19269.37,30767551159
Jun 30 2022,20108.31,20141.16,18729.66,19784.73,19784.73,26267239923
Jun 29 2022,20281.17,20364.16,19937.79,20104.02,20104.02,23552740328
Jun 28 2022,20731.54,21164.42,20228.81,20280.63,20280.63,21381535161
Jun 27 2022,21028.24,21478.09,20620.20,20735.48,20735.48,20965695707
Jun 26 2022,21496.49,21783.72,21016.27,21027.29,21027.29,18027170497
Jun 25 2022,21233.61,21520.91,20964.59,21502.34,21502.34,18372538715
Jun 24 2022,21084.65,21472.92,20777.51,21231.66,21231.66,24957784918
Jun 23 2022,19986.61,21135.76,19950.12,21085.88,21085.88,26188097173
Jun 22 2022,20719.41,20835.75,19848.08,19987.03,19987.03,28574793478
Jun 21 2022,20594.29,21620.63,20415.06,20710.60,20710.60,28970212744
Jun 20 2022,20553.37,20913.32,19689.17,20599.54,20599.54,30818458597
Jun 19 2022,19010.90,20683.82,18067.15,20553.27,20553.27,35329942625
Jun 18 2022,20473.43,20736.04,17708.62,19017.64,19017.64,42009436760
Jun 17 2022,20385.72,21243.31,20326.52,20471.48,20471.48,27132421514
Jun 16 2022,22576.30,22868.92,20265.23,20381.65,20381.65,31183975654
Jun 15 2022,22196.73,22642.67,20178.38,22572.84,22572.84,54912007015
Jun 14 2022,22487.99,23018.95,20950.82,22206.79,22206.79,50913575242
Jun 13 2022,26737.58,26795.59,22141.26,22487.39,22487.39,68204556440
Jun 12 2022,28373.51,28502.69,26762.65,26762.65,26762.65,34163220274
Jun 11 2022,29084.67,29401.92,28236.21,28360.81,28360.81,27246574439
Jun 10 2022,30110.33,30245.81,28978.15,29083.80,29083.80,29867476527
Jun 9 2022,30215.28,30609.31,30020.27,30112.00,30112.00,21692004719
Jun 8 2022,31151.48,31253.69,29944.40,30214.36,30214.36,30242059107
Jun 7 2022,31371.74,31489.68,29311.68,31155.48,31155.48,40770974039
Jun 6 2022,29910.28,31693.29,29894.19,31370.67,31370.67,31947336829
Jun 5 2022,29835.12,30117.74,29574.45,29906.66,29906.66,17264085441
Jun 4 2022,29706.14,29930.56,29500.01,29832.91,29832.91,16588370958
Jun 3 2022,30467.81,30633.04,29375.69,29704.39,29704.39,26175547452
Jun 2 2022,29794.89,30604.73,29652.71,30467.49,30467.49,29083562061
Jun 1 2022,31792.55,31957.29,29501.59,29799.08,29799.08,41135817341
May 31 2022,31723.87,32249.86,31286.15,31792.31,31792.31,33538210634
May 30 2022,29443.37,31949.63,29303.57,31726.39,31726.39,39277993274
May 29 2022,29019.87,29498.01,28841.11,29445.96,29445.96,18093886409
May 28 2022,28622.63,28814.90,28554.57,28814.90,28814.90,35519577634
May 27 2022,29251.14,29346.94,28326.61,28627.57,28627.57,36582005748
May 26 2022,29564.78,29834.16,28261.91,29267.22,29267.22,36774325352
May 25 2022,29653.13,30157.79,29384.95,29562.36,29562.36,27525063551
May 24 2022,29101.13,29774.36,28786.59,29655.59,29655.59,26616506245
May 23 2022,30309.40,30590.59,28975.56,29098.91,29098.91,31483454557
May 22 2022,29432.47,30425.86,29275.18,30323.72,30323.72,21631532270
May 21 2022,29199.86,29588.87,29027.39,29432.23,29432.23,17274840442
May 20 2022,30311.12,30664.98,28793.61,29200.74,29200.74,30749382605
May 19 2022,28720.36,30430.75,28708.96,30314.33,30314.33,33773447707
May 18 2022,30424.48,30618.72,28720.27,28720.27,28720.27,31285268319
May 17 2022,29862.41,30694.49,29570.30,30425.86,30425.86,29101473475
May 16 2022,31304.38,31305.34,29251.88,29862.92,29862.92,32613897286
May 15 2022,30098.59,31308.19,29527.74,31305.11,31305.11,25835372065
May 14 2022,29285.64,30192.80,28702.91,30101.27,30101.27,28579868620
May 13 2022,29030.91,30924.80,28782.33,29283.10,29283.10,42841124537
May 12 2022,28936.73,30032.44,26350.49,29047.75,29047.75,66989173272
May 11 2022,31016.18,32013.40,28170.41,28936.36,28936.36,70388855818
May 10 2022,30273.65,32596.31,29944.80,31022.91,31022.91,59811038817
May 9 2022,34060.02,34222.07,30296.95,30296.95,30296.95,63355494961
May 8 2022,35502.94,35502.94,33878.96,34059.27,34059.27,36763041910
May 7 2022,36042.50,36129.93,34940.82,35501.95,35501.95,24375896406
May 6 2022,36573.18,36624.36,35482.13,36040.92,36040.92,37795577489
May 5 2022,39695.75,39789.28,35856.52,36575.14,36575.14,43106256317
May 4 2022,37748.01,39902.95,37732.06,39698.37,39698.37,36754404490
May 3 2022,38528.11,38630.00,37585.62,37750.45,37750.45,27326943244
May 2 2022,38472.19,39074.97,38156.56,38529.33,38529.33,32922642426
May 1 2022,37713.27,38627.86,37585.79,38469.09,38469.09,27002760110
Apr 30 2022,38605.86,38771.21,37697.94,37714.88,37714.88,23895713731
Apr 29 2022,39768.62,39887.27,38235.54,38609.82,38609.82,30882994649
Apr 28 2022,39241.43,40269.46,38941.42,39773.83,39773.83,33903704907
Apr 27 2022,38120.30,39397.92,37997.31,39241.12,39241.12,30981015184
Apr 26 2022,40448.42,40713.89,37884.98,38117.46,38117.46,34569088416
Apr 25 2022,39472.61,40491.75,38338.38,40458.31,40458.31,35445730570
Apr 24 2022,39478.38,39845.93,39233.54,39469.29,39469.29,17964398167
Apr 23 2022,39738.72,39935.86,39352.20,39486.73,39486.73,16138021249
Apr 22 2022,40525.86,40777.76,39315.42,39740.32,39740.32,28011716745
Apr 21 2022,41371.52,42893.58,40063.83,40527.36,40527.36,35372786395
Apr 20 2022,41501.75,42126.30,40961.10,41374.38,41374.38,27819532341
Apr 19 2022,40828.18,41672.96,40618.63,41502.75,41502.75,25303206547
Apr 18 2022,39721.20,40986.32,38696.19,40826.21,40826.21,33705182072
Apr 17 2022,40417.78,40570.73,39620.89,39716.95,39716.95,19087633042
Apr 16 2022,40552.32,40633.68,40078.43,40424.48,40424.48,16833150693
Apr 15 2022,39939.40,40617.72,39866.83,40553.46,40553.46,21756855753
Apr 14 2022,41160.22,41451.48,39695.75,39935.52,39935.52,24342001973
Apr 13 2022,40123.57,41430.05,39712.75,41166.73,41166.73,27691105228
Apr 12 2022,39533.71,40617.59,39388.33,40127.18,40127.18,30991500854
Apr 11 2022,42201.04,42424.59,39373.06,39521.90,39521.90,33949912166
Apr 10 2022,42781.09,43376.38,42021.21,42207.67,42207.67,17654475582
Apr 9 2022,42282.08,42786.82,42183.25,42782.14,42782.14,16050772496
Apr 8 2022,43505.14,43903.02,42183.29,42287.66,42287.66,27215995394
Apr 7 2022,43207.50,43860.70,42899.91,43503.85,43503.85,26101973106
Apr 6 2022,45544.36,45544.36,43193.95,43206.74,43206.74,39393395788
Apr 5 2022,46624.51,47106.14,45544.81,45555.99,45555.99,29640604055
Apr 4 2022,46445.27,46791.09,45235.82,46622.68,46622.68,32499785455
Apr 3 2022,45859.13,47313.48,45634.11,46453.57,46453.57,25414397610
Apr 2 2022,46285.50,47028.28,45782.51,45868.95,45868.95,29336594194
Apr 1 2022,45554.16,46616.24,44403.14,46281.64,46281.64,38162644287
Mar 31 2022,47062.15,47512.03,45390.54,45538.68,45538.68,33327427106
Mar 30 2022,47456.90,47655.15,46746.21,47062.66,47062.66,29333883962
Mar 29 2022,47100.44,48022.29,47100.44,47465.73,47465.73,31397059069
Mar 28 2022,46821.85,48086.84,46690.20,47128.00,47128.00,36362175703
Mar 27 2022,44505.36,46827.55,44437.29,46820.49,46820.49,28160889722
Mar 26 2022,44349.86,44736.00,44166.27,44500.83,44500.83,16950455995
Mar 25 2022,43964.55,44999.49,43706.29,44348.73,44348.73,30574413034
Mar 24 2022,42886.65,44131.86,42726.16,43960.93,43960.93,31042992291
Mar 23 2022,42364.38,42893.51,41877.51,42892.96,42892.96,25242943069
Mar 22 2022,41074.11,43124.71,40948.28,42358.81,42358.81,32004652376
Mar 21 2022,41246.13,41454.41,40668.04,41078.00,41078.00,24615543271
Mar 20 2022,42191.41,42241.16,41004.76,41247.82,41247.82,20127946682
Mar 19 2022,41794.65,42316.55,41602.67,42190.65,42190.65,19664853187
Mar 18 2022,40944.84,42195.75,40302.40,41801.16,41801.16,34421564942
Mar 17 2022,41140.84,41287.54,40662.87,40951.38,40951.38,22009601093
Mar 16 2022,39335.57,41465.45,39022.35,41143.93,41143.93,39616916192
Mar 15 2022,39664.25,39794.63,38310.21,39338.79,39338.79,23934000868
Mar 14 2022,37846.32,39742.50,37680.73,39666.75,39666.75,24322159070
Mar 13 2022,38884.73,39209.35,37728.14,37849.66,37849.66,17300745310
Mar 12 2022,38794.46,39308.60,38772.54,38904.01,38904.01,14616450657
Mar 11 2022,39439.97,40081.68,38347.43,38794.97,38794.97,26364890465
Mar 10 2022,41974.07,42004.73,38832.94,39437.46,39437.46,31078064711
Mar 9 2022,38742.82,42465.67,38706.09,41982.93,41982.93,32284121034
Mar 8 2022,38059.90,39304.44,37957.39,38737.27,38737.27,25776583476
Mar 7 2022,38429.30,39430.23,37260.20,38062.04,38062.04,28546143503
Mar 6 2022,39404.20,39640.18,38211.65,38419.98,38419.98,19745229902
Mar 5 2022,39148.45,39566.34,38777.04,39400.59,39400.59,16975917450
Mar 4 2022,42458.14,42479.61,38805.85,39137.61,39137.61,28516271427
Mar 3 2022,43925.20,44021.58,41914.75,42451.79,42451.79,24967782593
Mar 2 2022,44357.62,45077.58,43432.85,43924.12,43924.12,29183112630
Mar 1 2022,43194.50,44793.60,42952.59,44354.64,44354.64,32479047645
Feb 28 2022,37706.00,43760.46,37518.21,43193.23,43193.23,35690014104
Feb 27 2022,39098.70,39778.94,37268.98,37709.79,37709.79,23450127612
Feb 26 2022,39213.08,40005.35,38702.54,39105.15,39105.15,17467554129
Feb 25 2022,38333.75,39630.32,38111.34,39214.22,39214.22,26545599159
Feb 24 2022,37278.57,38968.84,34459.22,38332.61,38332.61,46383802093
Feb 23 2022,38285.28,39122.39,37201.82,37296.57,37296.57,21849073843
Feb 22 2022,37068.77,38359.86,36488.93,38286.03,38286.03,25493150450
Feb 21 2022,38423.21,39394.44,36950.48,37075.28,37075.28,29280402798
Feb 20 2022,40118.10,40119.89,38112.81,38431.38,38431.38,18340576452
Feb 19 2022,40026.02,40418.88,39713.06,40122.16,40122.16,13736557863
Feb 18 2022,40552.13,40929.15,39637.62,40030.98,40030.98,23310007704
Feb 17 2022,43937.07,44132.97,40249.37,40538.01,40538.01,26246662813
Feb 16 2022,44578.28,44578.28,43456.69,43961.86,43961.86,19792547657
Feb 15 2022,42586.46,44667.22,42491.04,44575.20,44575.20,22721659051
Feb 14 2022,42157.40,42775.78,41681.96,42586.92,42586.92,20827783012
Feb 13 2022,42236.57,42693.05,41950.94,42197.52,42197.52,14741589015
Feb 12 2022,42412.30,42992.55,41852.57,42244.47,42244.47,18152390304
Feb 11 2022,43571.13,43810.83,42114.54,42407.94,42407.94,26954925781
Feb 10 2022,44347.80,45661.17,43402.81,43565.11,43565.11,32142048537
Feb 9 2022,44096.70,44727.80,43232.97,44338.80,44338.80,23245887300
Feb 8 2022,43854.65,45293.87,42807.84,44118.45,44118.45,33079398868
Feb 7 2022,42406.78,44401.86,41748.16,43840.29,43840.29,28641855926
Feb 6 2022,41441.12,42500.79,41244.91,42412.43,42412.43,16142097334
Feb 5 2022,41501.48,41847.16,41038.10,41441.16,41441.16,19652846215
Feb 4 2022,37149.27,41527.79,37093.63,41500.88,41500.88,29412210792
Feb 3 2022,36944.80,37154.60,36375.54,37154.60,37154.60,18591534769
Feb 2 2022,38743.71,38834.62,36832.73,36952.98,36952.98,19155189416
Feb 1 2022,38481.77,39115.13,38113.66,38743.27,38743.27,20288500328
Jan 31 2022,37920.28,38647.26,36733.57,38483.13,38483.13,20734730465
Jan 30 2022,38151.92,38266.34,37437.71,37917.60,37917.60,14643548444
Jan 29 2022,37780.71,38576.26,37406.47,38138.18,38138.18,17194183075
Jan 28 2022,37128.45,37952.88,36211.11,37784.33,37784.33,22238830523
Jan 27 2022,36841.88,37148.32,35629.28,37138.23,37138.23,25041426629
Jan 26 2022,36950.52,38825.41,36374.91,36852.12,36852.12,31324598034
Jan 25 2022,36654.80,37444.57,35779.43,36954.00,36954.00,26428189594
Jan 24 2022,36275.73,37247.52,33184.06,36654.33,36654.33,41856658597
Jan 23 2022,35047.36,36433.31,34784.97,36276.80,36276.80,26017975951
Jan 22 2022,36471.59,36688.81,34349.25,35030.25,35030.25,39714385405
Jan 21 2022,40699.61,41060.53,35791.43,36457.32,36457.32,43011992031
Jan 20 2022,41744.03,43413.02,40672.82,40680.42,40680.42,20382033940
Jan 19 2022,42374.04,42478.30,41242.91,41744.33,41744.33,23091543258
Jan 18 2022,42250.07,42534.40,41392.21,42375.63,42375.63,22417209227
Jan 17 2022,43118.12,43179.39,41680.32,42250.55,42250.55,21690904261
Jan 16 2022,43172.04,43436.81,42691.02,43113.88,43113.88,17902097845
Jan 15 2022,43101.90,43724.67,42669.04,43177.40,43177.40,18371348298
Jan 14 2022,42598.87,43346.69,41982.62,43099.70,43099.70,23577403399
Jan 13 2022,43946.74,44278.42,42447.04,42591.57,42591.57,47691135082
Jan 12 2022,42742.18,44135.37,42528.99,43949.10,43949.10,33499938689
Jan 11 2022,41819.51,43001.16,41407.75,42735.86,42735.86,26327648900
Jan 10 2022,41910.23,42199.48,39796.57,41821.26,41821.26,32104232331
Jan 9 2022,41734.73,42663.95,41338.16,41911.60,41911.60,21294384372
Jan 8 2022,41561.46,42228.94,40672.28,41733.94,41733.94,28066355845
Jan 7 2022,43153.57,43153.57,41077.45,41557.90,41557.90,84196607520
Jan 6 2022,43565.51,43748.72,42645.54,43160.93,43160.93,30208048289
Jan 5 2022,45899.36,46929.05,42798.22,43569.00,43569.00,36851084859
Jan 4 2022,46458.85,47406.55,45752.46,45897.57,45897.57,42494677905
Jan 3 2022,47343.54,47510.73,45835.96,46458.12,46458.12,33071628362
Jan 2 2022,47680.93,47881.41,46856.94,47345.22,47345.22,27951569547
Jan 1 2022,46311.75,47827.31,46288.48,47686.81,47686.81,24582667004
Dec 31 2021,47169.37,48472.53,45819.95,46306.45,46306.45,36974172400
Dec 30 2021,46490.61,47879.96,46060.31,47178.13,47178.13,26686491018
Dec 29 2021,47623.87,48119.74,46201.50,46444.71,46444.71,30049226299
Dec 28 2021,50679.86,50679.86,47414.21,47588.86,47588.86,33430376883
Dec 27 2021,50802.61,51956.33,50499.47,50640.42,50640.42,24324345758
Dec 26 2021,50428.69,51196.38,49623.11,50809.52,50809.52,20964372926
Dec 25 2021,50854.92,51176.60,50236.71,50429.86,50429.86,19030650914
Dec 24 2021,50806.05,51814.03,50514.50,50822.20,50822.20,24367912228
Dec 23 2021,48626.34,51332.34,48065.84,50784.54,50784.54,28223878108
Dec 22 2021,48937.10,49544.80,48450.94,48628.51,48628.51,24447979559
Dec 21 2021,46886.08,49300.92,46698.77,48936.61,48936.61,27055803928
Dec 20 2021,46707.06,47401.72,45579.81,46880.28,46880.28,30961902129
Dec 19 2021,46853.87,48089.66,46502.95,46707.02,46707.02,25154053861
Dec 18 2021,46219.25,47313.83,45598.44,46848.78,46848.78,26098292690
Dec 17 2021,47653.73,48004.89,45618.21,46202.14,46202.14,32902725329
Dec 16 2021,48900.46,49425.57,47529.88,47665.43,47665.43,27268150947
Dec 15 2021,48379.75,49473.96,46671.96,48896.72,48896.72,36541828520
Dec 14 2021,46709.82,48431.40,46424.50,46612.63,46612.63,34638619079
Dec 13 2021,50114.74,50205.00,45894.85,46737.48,46737.48,32166727776
Dec 12 2021,49354.86,50724.87,48725.85,50098.34,50098.34,21939223599
Dec 11 2021,47264.63,49458.21,46942.35,49362.51,49362.51,25775869261
Dec 10 2021,47642.14,50015.25,47023.70,47243.30,47243.30,30966005122
Dec 9 2021,50450.08,50797.16,47358.35,47672.12,47672.12,29603577251
Dec 8 2021,50667.65,51171.38,48765.99,50504.80,50504.80,28479699446
Dec 7 2021,50581.83,51934.78,50175.81,50700.09,50700.09,33676814852
Dec 6 2021,49413.48,50929.52,47281.04,50582.63,50582.63,37707308001
Dec 5 2021,49201.52,49768.15,47857.50,49368.85,49368.85,37198201161
Dec 4 2021,53727.88,53904.68,42874.62,49200.70,49200.70,61385677469
Dec 3 2021,56509.16,57482.17,52496.59,53598.25,53598.25,39789134215
Dec 2 2021,57217.37,57349.23,55895.13,56477.82,56477.82,32379968686
Dec 1 2021,56907.96,59041.68,56553.08,57229.83,57229.83,36858195307
Nov 30 2021,57830.11,59113.40,56057.28,57005.43,57005.43,36708594618
Nov 29 2021,57291.91,58872.88,56792.53,57806.57,57806.57,32370840356
Nov 28 2021,54813.02,57393.84,53576.73,57248.46,57248.46,28116886357
Nov 27 2021,53736.43,55329.26,53668.36,54815.08,54815.08,30560857714
Nov 26 2021,58960.29,59183.48,53569.77,53569.77,53569.77,41810748221
Nov 25 2021,57165.42,59367.97,57146.68,57274.68,57274.68,34284016248
Nov 24 2021,57565.85,57803.07,55964.22,56280.43,56280.43,36635566789
Nov 23 2021,56304.55,57875.52,55632.76,57569.07,57569.07,37485803899
Nov 22 2021,58706.85,59266.36,55679.84,56289.29,56289.29,35036121783
Nov 21 2021,59730.51,60004.43,58618.93,58730.48,58730.48,26123447605
Nov 20 2021,58115.08,59859.88,57469.73,59697.20,59697.20,30624264863
Nov 19 2021,56896.13,58351.11,55705.18,58119.58,58119.58,38702407772
Nov 18 2021,60360.14,60948.50,56550.79,56942.14,56942.14,41388338699
Nov 17 2021,60139.62,60823.61,58515.41,60368.01,60368.01,39178392930
Nov 16 2021,63721.20,63721.20,59016.34,60161.25,60161.25,46844335592
Nov 15 2021,65521.29,66281.57,63548.14,63557.87,63557.87,30558763548
Nov 14 2021,64455.37,65495.18,63647.81,65466.84,65466.84,25122092191
Nov 13 2021,64158.12,64915.68,63303.73,64469.53,64469.53,30474228777
Nov 12 2021,64863.98,65460.82,62333.91,64155.94,64155.94,36084893887
Nov 11 2021,64978.89,65579.02,64180.49,64949.96,64949.96,35880633236
Nov 10 2021,66953.34,68789.63,63208.11,64995.23,64995.23,48730828378
Nov 9 2021,67549.73,68530.34,66382.06,66971.83,66971.83,42357991721
Nov 8 2021,63344.07,67673.74,63344.07,67566.83,67566.83,41125608330
Nov 7 2021,61554.92,63326.99,61432.49,63326.99,63326.99,24726754302
Nov 6 2021,61068.88,61590.68,60163.78,61527.48,61527.48,29094934221
Nov 5 2021,61460.08,62541.47,60844.61,61125.68,61125.68,30605102446
Nov 4 2021,62941.80,63123.29,60799.66,61452.23,61452.23,32615846901
Nov 3 2021,63254.34,63516.94,61184.24,62970.05,62970.05,36124731509
Nov 2 2021,60963.25,64242.79,60673.05,63226.40,63226.40,37746665647
Nov 1 2021,61320.45,62419.00,59695.18,61004.41,61004.41,36150572843
Oct 31 2021,61850.49,62406.17,60074.33,61318.96,61318.96,32241199927
Oct 30 2021,62239.36,62330.14,60918.39,61888.83,61888.83,32157938616
Oct 29 2021,60624.87,62927.61,60329.96,62227.96,62227.96,36856881767
Oct 28 2021,58470.73,62128.63,58206.92,60622.14,60622.14,45257083247
Oct 27 2021,60352.00,61435.18,58208.19,58482.39,58482.39,43657076893
Oct 26 2021,63032.76,63229.03,59991.16,60363.79,60363.79,34878965587
Oct 25 2021,60893.93,63729.32,60691.80,63039.82,63039.82,31064911614
Oct 24 2021,61368.34,61505.80,59643.34,60930.84,60930.84,27316183882
Oct 23 2021,60694.63,61743.88,59826.52,61393.62,61393.62,26882546034
Oct 22 2021,62237.89,63715.02,60122.80,60692.27,60692.27,38434082775
Oct 21 2021,66002.23,66600.55,62117.41,62210.17,62210.17,45908121370
Oct 20 2021,64284.59,66930.39,63610.68,65992.84,65992.84,40788955582
Oct 19 2021,62043.16,64434.54,61622.93,64261.99,64261.99,40471196346
Oct 18 2021,61548.80,62614.66,60012.76,62026.08,62026.08,38055562075
Oct 17 2021,60887.65,61645.52,59164.47,61553.62,61553.62,29032367511
Oct 16 2021,61609.53,62274.48,60206.12,60892.18,60892.18,34250964237
Oct 15 2021,57345.90,62757.13,56868.14,61593.95,61593.95,51780081801
Oct 14 2021,57372.83,58478.73,56957.07,57321.52,57321.52,36615791366
Oct 13 2021,56038.26,57688.66,54370.97,57401.10,57401.10,41684252783
Oct 12 2021,57526.83,57627.88,54477.97,56041.06,56041.06,41083758949
Oct 11 2021,54734.13,57793.04,54519.77,57484.79,57484.79,42637331698
Oct 10 2021,54952.82,56401.30,54264.26,54771.58,54771.58,39527792364
Oct 9 2021,53929.78,55397.95,53735.14,54968.22,54968.22,32491211414
Oct 8 2021,53802.14,55922.98,53688.05,53967.85,53967.85,34800873924
Oct 7 2021,55338.63,55338.63,53525.47,53805.98,53805.98,36807860413
Oct 6 2021,51486.66,55568.46,50488.19,55361.45,55361.45,49034730168
Oct 5 2021,49174.96,51839.98,49072.84,51514.81,51514.81,35873904236
Oct 4 2021,48208.91,49456.78,47045.00,49112.90,49112.90,33383173002
Oct 3 2021,47680.03,49130.69,47157.29,48199.95,48199.95,26638115879
Oct 2 2021,48137.47,48282.06,47465.50,47711.49,47711.49,30614346492
Oct 1 2021,43816.74,48436.01,43320.02,48116.94,48116.94,42850641582
Sep 30 2021,41551.27,44092.60,41444.58,43790.89,43790.89,31141681925
Sep 29 2021,41064.98,42545.26,40829.67,41564.36,41564.36,30602359905
Sep 28 2021,42200.90,42775.14,40931.66,41034.54,41034.54,30214940550
Sep 27 2021,43234.18,44313.25,42190.63,42235.73,42235.73,30980029059
Sep 26 2021,42721.63,43919.30,40848.46,43208.54,43208.54,30661222077
Sep 25 2021,42840.89,42996.26,41759.92,42716.59,42716.59,31604717236
Sep 24 2021,44894.30,45080.49,40936.56,42839.75,42839.75,42839345714
Sep 23 2021,43560.30,44942.18,43109.34,44895.10,44895.10,34244064430
Sep 22 2021,40677.95,43978.62,40625.63,43574.51,43574.51,38139709246
Sep 21 2021,43012.23,43607.61,39787.61,40693.68,40693.68,48701090088
Sep 20 2021,47261.41,47328.20,42598.91,42843.80,42843.80,43909845642
Sep 19 2021,48268.86,48328.37,46919.80,47260.22,47260.22,26967722648
Sep 18 2021,47273.53,48791.78,47087.29,48278.36,48278.36,28575630451
Sep 17 2021,47771.00,48160.92,46832.52,47267.52,47267.52,28727713711
Sep 16 2021,48158.91,48486.83,47079.56,47783.36,47783.36,31764293754
Sep 15 2021,47098.00,48450.47,46773.33,48176.35,48176.35,30484496466
Sep 14 2021,44960.05,47218.13,44752.33,47092.49,47092.49,38652152880
Sep 13 2021,46057.21,46598.68,43591.32,44963.07,44963.07,40969943253
Sep 12 2021,45206.63,46364.88,44790.46,46063.27,46063.27,27881980161
Sep 11 2021,44869.84,45969.29,44818.27,45201.46,45201.46,34499835245
Sep 10 2021,46396.66,47031.74,44344.48,44883.91,44883.91,39154666597
Sep 9 2021,45774.74,47261.95,45669.74,46391.42,46391.42,38672657013
Sep 8 2021,46827.76,47334.05,44561.39,46091.39,46091.39,49007762488
Sep 7 2021,52660.48,52853.77,43285.21,46811.13,46811.13,65210059683
Sep 6 2021,51769.00,52700.94,51053.68,52633.54,52633.54,38884105426
Sep 5 2021,49937.86,51868.68,49538.60,51753.41,51753.41,30322676319
Sep 4 2021,50009.32,50545.58,49548.78,49944.63,49944.63,37471327794
Sep 3 2021,49288.25,50982.27,48386.09,50025.38,50025.38,43206179619
Sep 2 2021,48807.85,50343.42,48652.32,49327.72,49327.72,39508070319
Sep 1 2021,47099.77,49111.09,46562.44,48847.03,48847.03,39139399125
Aug 31 2021,47024.34,48189.55,46750.09,47166.69,47166.69,34730363427
Aug 30 2021,48834.85,48925.61,46950.27,47054.98,47054.98,31847007016
Aug 29 2021,48911.25,49644.11,47925.86,48829.83,48829.83,25889650240
Aug 28 2021,49072.59,49283.50,48499.24,48902.40,48902.40,28568103401
Aug 27 2021,46894.55,49112.79,46394.28,49058.67,49058.67,34511076995
Aug 26 2021,49002.64,49347.58,46405.78,46942.22,46942.22,32666549568
Aug 25 2021,47727.26,49202.88,47163.61,48960.79,48960.79,32646349931
Aug 24 2021,49562.35,49878.77,47687.12,47706.12,47706.12,35361168834
Aug 23 2021,49291.68,50482.08,49074.61,49546.15,49546.15,34305053719
Aug 22 2021,48869.11,49471.61,48199.94,49321.65,49321.65,25370975378
Aug 21 2021,49327.07,49717.02,48312.20,48905.49,48905.49,40585205312
Aug 20 2021,46723.12,49342.15,46650.71,49339.18,49339.18,34706867452
Aug 19 2021,44741.88,46970.76,43998.32,46717.58,46717.58,37204312299
Aug 18 2021,44686.75,45952.06,44364.03,44801.19,44801.19,32194123075
Aug 17 2021,45936.46,47139.57,44512.42,44695.36,44695.36,33451362600
Aug 16 2021,47019.96,47998.10,45700.32,46004.48,46004.48,32776876610
Aug 15 2021,47096.67,47357.11,45579.59,47047.00,47047.00,30988958446
Aug 14 2021,47810.69,48098.68,46177.63,47096.95,47096.95,31211354442
Aug 13 2021,44439.69,47831.98,44282.42,47793.32,47793.32,31744259539
Aug 12 2021,45576.88,46228.91,43861.45,44428.29,44428.29,33723620826
Aug 11 2021,45599.70,46735.63,45351.71,45593.64,45593.64,34319709073
Aug 10 2021,46280.85,46637.99,44705.55,45585.03,45585.03,33546019517
Aug 9 2021,43791.93,46456.83,42848.69,46365.40,46365.40,38734079049
Aug 8 2021,44574.44,45282.35,43331.91,43798.12,43798.12,36302664750
Aug 7 2021,42832.80,44689.86,42618.57,44555.80,44555.80,40030862141
Aug 6 2021,40865.87,43271.66,39932.18,42816.50,42816.50,38226483046
Aug 5 2021,39744.52,41341.93,37458.00,40869.55,40869.55,35185031017
Aug 4 2021,38213.33,39952.30,37589.16,39747.50,39747.50,25372562724
Aug 3 2021,39178.40,39750.03,37782.05,38152.98,38152.98,26189830450
Aug 2 2021,39907.26,40419.18,38746.35,39201.95,39201.95,25595265436
Aug 1 2021,41460.84,42541.68,39540.94,39974.89,39974.89,26688438115
Jul 31 2021,42196.30,42231.45,41110.83,41626.20,41626.20,25802845343
Jul 30 2021,40027.48,42235.55,38397.36,42235.55,42235.55,33072782960
Jul 29 2021,39995.45,40593.07,39352.06,40008.42,40008.42,27167146027
Jul 28 2021,39503.19,40816.07,38862.44,39995.91,39995.91,38702404695
Jul 27 2021,37276.04,39406.94,36441.73,39406.94,39406.94,35097370560
Jul 26 2021,35384.03,40499.68,35287.31,37337.54,37337.54,51022126212
Jul 25 2021,34290.29,35364.93,33881.84,35350.19,35350.19,20856685287
Jul 24 2021,33593.73,34490.39,33424.86,34292.45,34292.45,21664706865
Jul 23 2021,32305.96,33581.55,32057.89,33581.55,33581.55,22552046192
Jul 22 2021,32138.87,32576.40,31745.30,32313.11,32313.11,19555230518
Jul 21 2021,29796.29,32752.33,29526.18,32110.69,32110.69,28203024559
Jul 20 2021,30838.29,31006.19,29360.96,29807.35,29807.35,23148267245
Jul 19 2021,31800.01,31885.86,30563.73,30817.83,30817.83,20434789545
Jul 18 2021,31533.88,32399.00,31215.49,31796.81,31796.81,18787986667
Jul 17 2021,31397.31,31935.95,31223.99,31533.07,31533.07,18895018942
Jul 16 2021,31841.55,32218.41,31100.67,31421.54,31421.54,23699476918
Jul 15 2021,32827.88,33159.64,31175.71,31780.73,31780.73,21300524237
Jul 14 2021,32723.85,33061.40,31639.13,32822.35,32822.35,21376531210
Jul 13 2021,33125.47,33327.10,32261.42,32702.03,32702.03,19120856669
Jul 12 2021,34254.02,34592.16,32697.31,33155.85,33155.85,24321499537
Jul 11 2021,33509.08,34584.70,33346.74,34240.19,34240.19,20108729370
Jul 10 2021,33811.24,34209.07,33116.01,33520.52,33520.52,22971873468
Jul 9 2021,32861.67,34042.29,32318.88,33798.01,33798.01,27436021028
Jul 8 2021,33889.61,33907.91,32133.18,32877.37,32877.37,29910396946
Jul 7 2021,34225.68,34997.66,33839.29,33855.33,33855.33,24796027477
Jul 6 2021,33723.51,35038.54,33599.92,34235.20,34235.20,26501259870
Jul 5 2021,35284.34,35284.34,33213.66,33746.00,33746.00,26721554282
Jul 4 2021,34665.57,35937.57,34396.48,35287.78,35287.78,24924307911
Jul 3 2021,33854.42,34909.26,33402.70,34668.55,34668.55,24383958643
Jul 2 2021,33549.60,33939.59,32770.68,33897.05,33897.05,38728974942
Jul 1 2021,35035.98,35035.98,32883.78,33572.12,33572.12,37838957079
Jun 30 2021,35908.39,36074.76,34086.15,35040.84,35040.84,34059036099
Jun 29 2021,34475.56,36542.11,34252.48,35867.78,35867.78,37901460044
Jun 28 2021,34679.12,35219.89,33902.07,34434.34,34434.34,33892523752
Jun 27 2021,32287.52,34656.13,32071.76,34649.64,34649.64,35511640894
Jun 26 2021,31594.66,32637.59,30184.50,32186.28,32186.28,38585385521
Jun 25 2021,34659.11,35487.25,31350.88,31637.78,31637.78,40230904226
Jun 24 2021,33682.80,35228.85,32385.21,34662.44,34662.44,33123368116
Jun 23 2021,32515.71,34753.41,31772.63,33723.03,33723.03,46317108925
Jun 22 2021,31622.38,33292.45,28893.62,32505.66,32505.66,58964353058
Jun 21 2021,35641.14,35721.64,31295.94,31676.69,31676.69,52809038594
Jun 20 2021,35563.14,36059.48,33432.07,35698.30,35698.30,36664034054
Jun 19 2021,35854.53,36457.80,34933.06,35615.87,35615.87,31207279719
Jun 18 2021,38099.48,38187.26,35255.86,35787.25,35787.25,36200887275
Jun 17 2021,38341.42,39513.67,37439.68,38053.50,38053.50,37096670047
Jun 16 2021,40168.69,40516.78,38176.04,38347.06,38347.06,39211635100
Jun 15 2021,40427.17,41295.27,39609.47,40406.27,40406.27,46420149185
Jun 14 2021,39016.97,40978.36,38757.29,40218.48,40218.48,43148914673
Jun 13 2021,35555.79,39322.78,34864.11,39097.86,39097.86,40669112838
Jun 12 2021,37340.14,37408.93,34728.19,35552.52,35552.52,37924228550
Jun 11 2021,36697.03,37608.70,36044.45,37334.40,37334.40,38699736985
Jun 10 2021,37389.52,38334.32,35847.59,36702.60,36702.60,43576032854
Jun 9 2021,33416.98,37537.37,32475.87,37345.12,37345.12,53972919008
Jun 8 2021,33589.52,34017.39,31114.44,33472.63,33472.63,49902050442
Jun 7 2021,35835.27,36790.57,33480.64,33560.71,33560.71,33683936663
Jun 6 2021,35538.61,36436.42,35304.58,35862.38,35862.38,28913440585
Jun 5 2021,36880.16,37917.71,34900.41,35551.96,35551.96,35959473399
Jun 4 2021,39242.48,39242.48,35717.72,36894.41,36894.41,41831090187
Jun 3 2021,37599.41,39478.95,37243.97,39208.77,39208.77,35460750427
Jun 2 2021,36699.92,38231.34,35966.31,37575.18,37575.18,33070867190
Jun 1 2021,37293.79,37896.73,35787.09,36684.93,36684.93,34639423297
May 31 2021,35658.59,37468.25,34241.95,37332.86,37332.86,39009847639
May 30 2021,34607.41,36400.67,33520.74,35678.13,35678.13,31646080921
May 29 2021,35684.16,37234.50,33693.93,34616.07,34616.07,45231013335
May 28 2021,38507.08,38856.97,34779.04,35697.61,35697.61,55200191952
May 27 2021,39316.89,40379.62,37247.90,38436.97,38436.97,43210968721
May 26 2021,38392.63,40782.08,37905.84,39294.20,39294.20,51346735160
May 25 2021,38795.78,39776.35,36581.43,38402.22,38402.22,56211915803
May 24 2021,34700.36,39835.14,34551.08,38705.98,38705.98,67359584098
May 23 2021,37531.45,38289.22,31227.34,34770.58,34770.58,78469274361
May 22 2021,37371.03,38831.05,35383.68,37536.63,37536.63,57377273240
May 21 2021,40596.95,42172.17,33616.45,37304.69,37304.69,82051616861
May 20 2021,36753.67,42462.98,35050.62,40782.74,40782.74,88281943359
May 19 2021,42944.98,43546.12,30681.50,37002.44,37002.44,126358098747
May 18 2021,43488.06,45812.46,42367.83,42909.40,42909.40,56187365084
May 17 2021,46415.90,46623.56,42207.29,43537.51,43537.51,74903638450
May 16 2021,46716.64,49720.04,43963.35,46456.06,46456.06,64047871555
May 15 2021,49855.50,50639.66,46664.14,46760.19,46760.19,59161047474
May 14 2021,49682.98,51438.12,48868.58,49880.54,49880.54,55737497453
May 13 2021,49735.43,51330.84,46980.02,49716.19,49716.19,96721152926
May 12 2021,56714.53,57939.36,49150.54,49150.54,49150.54,75215403907
May 11 2021,55847.24,56872.54,54608.65,56704.57,56704.57,61308396325
May 10 2021,58250.87,59519.36,54071.46,55859.80,55859.80,71776546298
May 9 2021,58877.39,59210.88,56482.00,58232.32,58232.32,65906690347
May 8 2021,57352.77,59464.61,56975.21,58803.78,58803.78,65382980634
May 7 2021,56413.95,58606.63,55321.85,57356.40,57356.40,68434023376
May 6 2021,57441.31,58363.32,55382.51,56396.52,56396.52,69523285106
May 5 2021,53252.16,57911.36,52969.05,57424.01,57424.01,69241316747
May 4 2021,57214.18,57214.18,53191.43,53333.54,53333.54,68564706967
May 3 2021,56620.27,58973.31,56590.87,57200.29,57200.29,51713139031
May 2 2021,57825.86,57902.59,56141.91,56631.08,56631.08,38177405335
May 1 2021,57714.66,58448.34,57052.27,57828.05,57828.05,42836427360
Apr 30 2021,53568.66,57900.72,53129.60,57750.18,57750.18,52395931985
Apr 29 2021,54858.09,55115.84,52418.03,53555.11,53555.11,46088929780
Apr 28 2021,55036.64,56227.21,53887.92,54824.70,54824.70,48000572955
Apr 27 2021,54030.30,55416.96,53319.19,55033.12,55033.12,49448222757
Apr 26 2021,49077.79,54288.00,48852.80,54021.75,54021.75,58284039825
Apr 25 2021,50052.83,50506.02,47159.48,49004.25,49004.25,46117114240
Apr 24 2021,51143.23,51167.56,48805.29,50050.87,50050.87,49014494781
Apr 23 2021,51739.81,52120.79,47714.66,51093.65,51093.65,86668667320
Apr 22 2021,53857.11,55410.23,50583.81,51762.27,51762.27,74798630778
Apr 21 2021,56471.13,56757.97,53695.47,53906.09,53906.09,54926612466
Apr 20 2021,55681.79,57062.15,53448.05,56473.03,56473.03,67849323955
Apr 19 2021,56191.59,57520.05,54368.59,55724.27,55724.27,65344865159
Apr 18 2021,60701.89,61057.46,52829.54,56216.18,56216.18,97468872758
Apr 17 2021,61529.92,62572.18,60361.35,60683.82,60683.82,66138759198
Apr 16 2021,63258.50,63594.72,60222.53,61572.79,61572.79,84293007468
Apr 15 2021,63075.20,63821.67,62208.96,63314.01,63314.01,60954381579
Apr 14 2021,63523.75,64863.10,61554.80,63109.70,63109.70,77451779687
Apr 13 2021,59890.02,63742.29,59869.96,63503.46,63503.46,69983454362
Apr 12 2021,60175.95,61253.04,59589.88,59893.45,59893.45,51828688519
Apr 11 2021,59846.23,60790.55,59289.80,60204.96,60204.96,46280252580
Apr 10 2021,58253.78,61276.66,58038.71,59793.23,59793.23,58238470525
Apr 9 2021,58326.56,58937.05,57807.86,58245.00,58245.00,46655208546
Apr 8 2021,56099.91,58338.74,55879.09,58323.95,58323.95,53053855641
Apr 7 2021,58186.51,58731.14,55604.02,56048.94,56048.94,75645303584
Apr 6 2021,59171.93,59479.58,57646.81,58192.36,58192.36,66058027988
Apr 5 2021,58760.88,59891.30,57694.82,59057.88,59057.88,60706272115
Apr 4 2021,57604.84,58913.75,57168.68,58758.55,58758.55,50749662970
Apr 3 2021,59397.41,60110.27,57603.89,57603.89,57603.89,59641344484
Apr 2 2021,59098.88,60267.19,58869.28,59384.31,59384.31,58727860620
Apr 1 2021,58926.56,59586.07,58505.28,59095.81,59095.81,61669163792
Mar 31 2021,58930.28,59930.03,57726.42,58918.83,58918.83,65520826225
Mar 30 2021,57750.13,59447.22,57251.55,58917.69,58917.69,54414116432
Mar 29 2021,55947.90,58342.10,55139.34,57750.20,57750.20,57625587027
Mar 28 2021,55974.94,56610.31,55071.11,55950.75,55950.75,47686580918
Mar 27 2021,55137.57,56568.21,54242.91,55973.51,55973.51,47266542233
Mar 26 2021,51683.01,55137.31,51579.86,55137.31,55137.31,56652197978
Mar 25 2021,52726.75,53392.39,50856.57,51704.16,51704.16,67999812841
Mar 24 2021,54710.49,57262.38,52514.33,52774.27,52774.27,70567223787
Mar 23 2021,54511.66,55985.44,53470.70,54738.95,54738.95,56435023914
Mar 22 2021,57517.89,58471.48,54288.16,54529.14,54529.14,56521454974
Mar 21 2021,58309.91,58767.90,56005.62,57523.42,57523.42,51943414539
Mar 20 2021,58332.26,60031.29,58213.30,58313.64,58313.64,50361731222
Mar 19 2021,57850.44,59498.38,56643.70,58346.65,58346.65,49063873786
Mar 18 2021,58893.08,60116.25,54253.58,57858.92,57858.92,55746041000
Mar 17 2021,56825.83,58969.82,54528.63,58870.89,58870.89,60258313191
Mar 16 2021,55840.79,56833.18,53555.03,56804.90,56804.90,59749798599
Mar 15 2021,59267.43,60540.99,55393.16,55907.20,55907.20,66419369890
Mar 14 2021,61221.13,61597.92,59302.32,59302.32,59302.32,43901225564
Mar 13 2021,57343.37,61683.86,56217.97,61243.09,61243.09,60669829814
Mar 12 2021,57821.22,57996.62,55376.65,57332.09,57332.09,55689944702
Mar 11 2021,55963.18,58091.06,54484.59,57805.12,57805.12,56772343595
Mar 10 2021,54824.01,57258.25,53290.89,56008.55,56008.55,57295577614
Mar 9 2021,52272.97,54824.12,51981.83,54824.12,54824.12,50912227385
Mar 8 2021,51174.12,52314.07,49506.05,52246.52,52246.52,48597428048
Mar 7 2021,48918.68,51384.37,48918.68,51206.69,51206.69,43137459378
Mar 6 2021,48899.23,49147.22,47257.53,48912.38,48912.38,34363564661
Mar 5 2021,48527.03,49396.43,46542.52,48927.30,48927.30,48625928883
Mar 4 2021,50522.30,51735.09,47656.93,48561.17,48561.17,52343816680
Mar 3 2021,48415.82,52535.14,48274.32,50538.24,50538.24,53220811975
Mar 2 2021,49612.11,50127.51,47228.84,48378.99,48378.99,47530897720
Mar 1 2021,45159.50,49784.02,45115.09,49631.24,49631.24,53891300112
Feb 28 2021,46194.02,46716.43,43241.62,45137.77,45137.77,53443887451
Feb 27 2021,46344.77,48253.27,45269.03,46188.45,46188.45,45910946382
Feb 26 2021,47180.46,48370.79,44454.84,46339.76,46339.76,350967941479
Feb 25 2021,49709.08,51948.97,47093.85,47093.85,47093.85,54506565949
Feb 24 2021,48835.09,51290.14,47213.50,49705.33,49705.33,63695521388
Feb 23 2021,54204.93,54204.93,45290.59,48824.43,48824.43,106102492824
Feb 22 2021,57532.74,57533.39,48967.57,54207.32,54207.32,92052420332
Feb 21 2021,56068.57,58330.57,55672.61,57539.95,57539.95,51897585191
Feb 20 2021,55887.34,57505.23,54626.56,56099.52,56099.52,68145460026
Feb 19 2021,51675.98,56113.65,50937.28,55888.13,55888.13,63495496918
Feb 18 2021,52140.97,52474.11,51015.77,51679.80,51679.80,52054723579
Feb 17 2021,49207.28,52533.91,49072.38,52149.01,52149.01,80820545404
Feb 16 2021,47944.46,50341.10,47201.30,49199.87,49199.87,77049582886
Feb 15 2021,48696.54,48875.57,46347.48,47945.06,47945.06,77069903166
Feb 14 2021,47114.51,49487.64,47114.51,48717.29,48717.29,71248675228
Feb 13 2021,47491.20,48047.75,46392.28,47105.52,47105.52,70250456155
Feb 12 2021,47877.04,48745.73,46424.98,47504.85,47504.85,76555041196
Feb 11 2021,44898.71,48463.47,44187.76,47909.33,47909.33,81388911810
Feb 10 2021,46469.76,47145.57,43881.15,44918.18,44918.18,87301089896
Feb 9 2021,46184.99,48003.72,45166.96,46481.11,46481.11,91809846886
Feb 8 2021,38886.83,46203.93,38076.32,46196.46,46196.46,101467222687
Feb 7 2021,39250.19,39621.84,37446.15,38903.44,38903.44,65500641143
Feb 6 2021,38138.39,40846.55,38138.39,39266.01,39266.01,71326033653
Feb 5 2021,36931.55,38225.91,36658.76,38144.31,38144.31,58598066402
Feb 4 2021,37475.11,38592.18,36317.50,36926.07,36926.07,68838074392
Feb 3 2021,35510.82,37480.19,35443.98,37472.09,37472.09,61166818159
Feb 2 2021,33533.20,35896.88,33489.22,35510.29,35510.29,63088585433
Feb 1 2021,33114.58,34638.21,32384.23,33537.18,33537.18,61400400660
Jan 31 2021,34270.88,34288.33,32270.18,33114.36,33114.36,52754542671
Jan 30 2021,34295.93,34834.71,32940.19,34269.52,34269.52,65141828798
Jan 29 2021,34318.67,38406.26,32064.81,34316.39,34316.39,117894572511
Jan 28 2021,30441.04,33858.31,30023.21,33466.10,33466.10,76517157706
Jan 27 2021,32564.03,32564.03,29367.14,30432.55,30432.55,62576762015
Jan 26 2021,32358.61,32794.55,31030.27,32569.85,32569.85,60255421470
Jan 25 2021,32285.80,34802.74,32087.79,32366.39,32366.39,59897054838
Jan 24 2021,32064.38,32944.01,31106.69,32289.38,32289.38,48643830599
Jan 23 2021,32985.76,33360.98,31493.16,32067.64,32067.64,48354737975
Jan 22 2021,30817.63,33811.85,28953.37,33005.76,33005.76,77207272511
Jan 21 2021,35549.40,35552.68,30250.75,30825.70,30825.70,75643067688
Jan 20 2021,36050.11,36378.33,33570.48,35547.75,35547.75,66834573161
Jan 19 2021,36642.23,37755.89,36069.80,36069.80,36069.80,57244195486
Jan 18 2021,35792.24,37299.29,34883.84,36630.07,36630.07,49511702429
Jan 17 2021,36163.65,36722.35,34069.32,35791.28,35791.28,52359854336
Jan 16 2021,36821.65,37864.37,35633.55,36178.14,36178.14,57706187875
Jan 15 2021,39156.71,39577.71,34659.59,36825.37,36825.37,67760757881
Jan 14 2021,37325.11,39966.41,36868.56,39187.33,39187.33,63615990033
Jan 13 2021,33915.12,37599.96,32584.67,37316.36,37316.36,69364315979
Jan 12 2021,35516.36,36568.53,32697.98,33922.96,33922.96,74773277909
Jan 11 2021,38346.53,38346.53,30549.60,35566.66,35566.66,123320567399
Jan 10 2021,40254.22,41420.19,35984.63,38356.44,38356.44,79980747690
Jan 9 2021,40788.64,41436.35,38980.88,40254.55,40254.55,61984162837
Jan 8 2021,39381.77,41946.74,36838.64,40797.61,40797.61,88107519480
Jan 7 2021,36833.88,40180.37,36491.19,39371.04,39371.04,84762141031
Jan 6 2021,34013.61,36879.70,33514.04,36824.36,36824.36,75289433811
Jan 5 2021,31977.04,34437.59,30221.19,33992.43,33992.43,67547324782
Jan 4 2021,32810.95,33440.22,28722.76,31971.91,31971.91,81163475344
Jan 3 2021,32129.41,34608.56,32052.32,32782.02,32782.02,78665235202
Jan 2 2021,29376.46,33155.12,29091.18,32127.27,32127.27,67865420765
Jan 1 2021,28994.01,29600.63,28803.59,29374.15,29374.15,40730301359
Dec 31 2020,28841.57,29244.88,28201.99,29001.72,29001.72,46754964848
Dec 30 2020,27360.09,28937.74,27360.09,28840.95,28840.95,51287442704
Dec 29 2020,27081.81,27370.72,25987.30,27362.44,27362.44,45265946774
Dec 28 2020,26280.82,27389.11,26207.64,27084.81,27084.81,49056742893
Dec 27 2020,26439.37,28288.84,25922.77,26272.29,26272.29,66479895605
Dec 26 2020,24677.02,26718.07,24522.69,26437.04,26437.04,48332647295
Dec 25 2020,23733.57,24710.10,23463.67,24664.79,24664.79,42068395846
Dec 24 2020,23240.20,23768.34,22777.60,23735.95,23735.95,41080759713
Dec 23 2020,23781.97,24024.49,22802.65,23241.35,23241.35,51146161904
Dec 22 2020,22794.04,23789.90,22430.61,23783.03,23783.03,44171632681
Dec 21 2020,23474.46,24059.98,22159.37,22803.08,22803.08,45852713981
Dec 20 2020,23861.77,24209.66,23147.71,23477.29,23477.29,37844228422
Dec 19 2020,23132.87,24085.86,22826.47,23869.83,23869.83,38487546580
Dec 18 2020,22806.80,23238.60,22399.81,23137.96,23137.96,40387896275
Dec 17 2020,21308.35,23642.66,21234.68,22805.16,22805.16,71378606374
Dec 16 2020,19418.82,21458.91,19298.32,21310.60,21310.60,44409011479
Dec 15 2020,19246.92,19525.01,19079.84,19417.08,19417.08,26741982541
Dec 14 2020,19144.49,19305.10,19012.71,19246.64,19246.64,22473997681
Dec 13 2020,18806.77,19381.54,18734.33,19142.38,19142.38,25450468637
Dec 12 2020,18051.32,18919.55,18046.04,18803.66,18803.66,21752580802
Dec 11 2020,18263.93,18268.45,17619.53,18058.90,18058.90,27919640985
Dec 10 2020,18553.30,18553.30,17957.06,18264.99,18264.99,25547132265
Dec 9 2020,18320.88,18626.29,17935.55,18553.92,18553.92,34420373071
Dec 8 2020,19191.53,19283.48,18269.95,18321.14,18321.14,31692288756
Dec 7 2020,19343.13,19411.83,18931.14,19191.63,19191.63,26896357742
Dec 6 2020,19154.18,19390.50,18897.89,19345.12,19345.12,25293775714
Dec 5 2020,18698.38,19160.45,18590.19,19154.23,19154.23,27242455064
Dec 4 2020,19446.97,19511.40,18697.19,18699.77,18699.77,33872388058
Dec 3 2020,19205.93,19566.19,18925.79,19445.40,19445.40,31930317405
Dec 2 2020,18801.74,19308.33,18347.72,19201.09,19201.09,37387697139
Dec 1 2020,19633.77,19845.97,18321.92,18803.00,18803.00,49633658712
Nov 30 2020,18178.32,19749.26,18178.32,19625.84,19625.84,47728480399
Nov 29 2020,17719.63,18283.63,17559.12,18177.48,18177.48,31133957704
Nov 28 2020,17112.93,17853.94,16910.65,17717.41,17717.41,32601040734
Nov 27 2020,17153.91,17445.02,16526.42,17108.40,17108.40,38886494645
Nov 26 2020,18729.84,18866.29,16351.04,17150.62,17150.62,61396835737
Nov 25 2020,19104.41,19390.96,18581.15,18732.12,18732.12,43710357371
Nov 24 2020,18365.02,19348.27,18128.66,19107.46,19107.46,51469565009
Nov 23 2020,18370.02,18711.43,18000.80,18364.12,18364.12,42741112308
Nov 22 2020,18642.23,18688.97,17671.38,18370.00,18370.00,41280434226
Nov 21 2020,18621.32,18936.62,18444.36,18642.23,18642.23,39650210707
Nov 20 2020,17817.08,18773.23,17765.79,18621.31,18621.31,36992873940
Nov 19 2020,17803.86,18119.55,17382.55,17817.09,17817.09,36985055355
Nov 18 2020,17645.19,18393.95,17352.91,17804.01,17804.01,49064800278
Nov 17 2020,16685.69,17782.92,16564.54,17645.41,17645.41,39006849170
Nov 16 2020,15955.58,16816.18,15880.71,16716.11,16716.11,31526766675
Nov 15 2020,16068.14,16123.11,15793.53,15955.59,15955.59,23653867583
Nov 14 2020,16317.81,16317.81,15749.19,16068.14,16068.14,27481710135
Nov 13 2020,16276.44,16463.18,15992.15,16317.81,16317.81,31599492172
Nov 12 2020,15701.30,16305.00,15534.77,16276.34,16276.34,34175758344
Nov 11 2020,15290.91,15916.26,15290.01,15701.34,15701.34,29772374934
Nov 10 2020,15332.35,15450.33,15124.96,15290.90,15290.90,25574938143
Nov 9 2020,15479.60,15785.14,14865.53,15332.32,15332.32,34149115566
Nov 8 2020,14833.75,15637.32,14744.11,15479.57,15479.57,26632075029
Nov 7 2020,15565.88,15737.10,14423.20,14833.75,14833.75,35024953706
Nov 6 2020,15579.73,15903.44,15226.84,15565.88,15565.88,39837841971
Nov 5 2020,14133.73,15706.40,14102.09,15579.85,15579.85,40856321439
Nov 4 2020,13950.49,14218.77,13580.47,14133.71,14133.71,35116364962
Nov 3 2020,13550.45,13984.98,13325.44,13950.30,13950.30,29869951617
Nov 2 2020,13737.03,13808.32,13243.16,13550.49,13550.49,30771455468
Nov 1 2020,13781.00,13862.03,13628.38,13737.11,13737.11,24453857900
Oct 31 2020,13546.53,14028.21,13457.53,13781.00,13781.00,30306464719
Oct 30 2020,13437.87,13651.52,13136.20,13546.52,13546.52,30581485201
Oct 29 2020,13271.30,13612.05,12980.06,13437.88,13437.88,56499499598
Oct 28 2020,13654.21,13837.70,12932.25,13271.29,13271.29,35867318895
Oct 27 2020,13075.24,13759.67,13060.84,13654.22,13654.22,33749878156
Oct 26 2020,13031.20,13225.30,12822.38,13075.25,13075.25,29461458313
Oct 25 2020,13108.06,13329.18,12910.06,13031.17,13031.17,24406920575
Oct 24 2020,12931.57,13145.07,12885.75,13108.06,13108.06,24542317940
Oct 23 2020,12971.55,13015.96,12752.65,12931.54,12931.54,28974975003
Oct 22 2020,12801.64,13161.59,12717.09,12965.89,12965.89,34729759598
Oct 21 2020,11913.08,13184.57,11900.93,12823.69,12823.69,43414712626
Oct 20 2020,11745.97,11999.92,11681.48,11916.33,11916.33,30915821592
Oct 19 2020,11495.04,11799.09,11408.29,11742.04,11742.04,23860769928
Oct 18 2020,11355.98,11483.36,11347.58,11483.36,11483.36,18283314340
Oct 17 2020,11322.12,11386.26,11285.35,11358.10,11358.10,19130430174
Oct 16 2020,11502.83,11540.06,11223.01,11322.12,11322.12,25635480772
Oct 15 2020,11426.60,11569.91,11303.60,11495.35,11495.35,24487233058
Oct 14 2020,11429.05,11539.98,11307.83,11429.51,11429.51,24103426719
Oct 13 2020,11548.72,11548.98,11321.22,11425.90,11425.90,24241420251
Oct 12 2020,11392.64,11698.47,11240.69,11555.36,11555.36,26163972642
Oct 11 2020,11296.08,11428.81,11288.63,11384.18,11384.18,19968627060
Oct 10 2020,11059.14,11442.21,11056.94,11296.36,11296.36,22877978588
Oct 9 2020,10927.91,11102.67,10846.85,11064.46,11064.46,22799117613
Oct 8 2020,10669.37,10945.74,10562.61,10915.69,10915.69,63314794397
Oct 7 2020,10603.36,10680.51,10562.51,10668.97,10668.97,37799458436
Oct 6 2020,10796.31,10797.58,10528.89,10604.41,10604.41,42623695307
Oct 5 2020,10676.53,10793.51,10634.60,10793.34,10793.34,47537578009
Oct 4 2020,10550.44,10686.00,10534.39,10669.58,10669.58,71251776995
Oct 3 2020,10575.10,10598.94,10511.13,10549.33,10549.33,44660271563
Oct 2 2020,10619.82,10657.84,10416.69,10575.97,10575.97,48661453918
Oct 1 2020,10795.25,10933.62,10472.36,10619.45,10619.45,40023134100
Sep 30 2020,10843.87,10847.26,10669.32,10784.49,10784.49,44171073700
Sep 29 2020,10709.65,10860.00,10649.50,10844.64,10844.64,46582396602
Sep 28 2020,10776.61,10945.35,10703.89,10709.65,10709.65,47762394731
Sep 27 2020,10746.89,10803.98,10622.92,10775.27,10775.27,53745972818
Sep 26 2020,10695.58,10773.00,10667.28,10750.72,10750.72,46852525493
Sep 25 2020,10761.11,10777.70,10578.91,10692.72,10692.72,39348590957
Sep 24 2020,10248.79,10771.06,10231.49,10760.07,10760.07,47144380902
Sep 23 2020,10535.49,10537.83,10197.87,10246.19,10246.19,23788661867
Sep 22 2020,10459.62,10568.08,10382.73,10538.46,10538.46,23621787804
Sep 21 2020,10934.93,10988.30,10380.26,10462.26,10462.26,28884999244
Sep 20 2020,11095.87,11095.87,10814.48,10938.27,10938.27,24699523788
Sep 19 2020,10933.75,11134.09,10909.62,11094.35,11094.35,22764204008
Sep 18 2020,10951.82,11034.91,10829.66,10944.59,10944.59,26341903912
Sep 17 2020,10973.25,11037.42,10774.63,10948.99,10948.99,38151810523
Sep 16 2020,10797.76,11100.12,10704.88,10974.91,10974.91,30769986455
Sep 15 2020,10677.75,10938.63,10656.46,10796.95,10796.95,32509451925
Sep 14 2020,10328.73,10800.01,10266.01,10680.84,10680.84,35453581940
Sep 13 2020,10452.40,10577.21,10224.33,10323.76,10323.76,36506852789
Sep 12 2020,10409.86,10578.84,10292.39,10442.17,10442.17,36750077324
Sep 11 2020,10369.03,10434.92,10140.84,10400.92,10400.92,45201121775
Sep 10 2020,10242.33,10503.91,10238.14,10363.14,10363.14,54406443211
Sep 9 2020,10134.15,10350.54,10017.25,10242.35,10242.35,24128292755
Sep 8 2020,10369.31,10414.78,9945.11,10131.52,10131.52,33430927462
Sep 7 2020,10281.00,10399.15,9916.49,10369.56,10369.56,33703098409
Sep 6 2020,10167.22,10353.93,10056.89,10280.35,10280.35,37071460174
Sep 5 2020,10512.53,10581.57,9946.68,10169.57,10169.57,44916565292
Sep 4 2020,10230.37,10663.92,10207.94,10511.81,10511.81,29965130374
Sep 3 2020,11407.19,11443.02,10182.46,10245.30,10245.30,31927261555
Sep 2 2020,11964.82,11964.82,11290.79,11414.03,11414.03,28037405299
Sep 1 2020,11679.32,12067.08,11601.13,11970.48,11970.48,27311555343
Aug 31 2020,11713.31,11768.88,11598.32,11680.82,11680.82,22285928250
Aug 30 2020,11508.71,11715.26,11492.38,11711.51,11711.51,19760127945
Aug 29 2020,11541.05,11585.64,11466.29,11506.87,11506.87,17485597759
Aug 28 2020,11325.30,11545.62,11316.42,11542.50,11542.50,19807127588
Aug 27 2020,11485.61,11570.79,11185.94,11323.40,11323.40,23240415076
Aug 26 2020,11366.89,11530.05,11296.99,11488.36,11488.36,22466660958
Aug 25 2020,11773.59,11778.30,11189.85,11366.13,11366.13,26301509932
Aug 24 2020,11663.69,11807.63,11623.25,11774.60,11774.60,20681511755
Aug 23 2020,11679.70,11713.43,11559.92,11664.85,11664.85,18482062658
Aug 22 2020,11585.48,11689.41,11448.81,11681.83,11681.83,20224191306
Aug 21 2020,11878.03,11899.26,11564.98,11592.49,11592.49,23762425999
Aug 20 2020,11761.50,11900.41,11710.06,11878.37,11878.37,20175242945
Aug 19 2020,11990.88,12028.92,11687.33,11758.28,11758.28,24502851117
Aug 18 2020,12251.90,12335.71,11954.53,11991.23,11991.23,26043227672
Aug 17 2020,11895.66,12359.06,11806.70,12254.40,12254.40,28227687027
Aug 16 2020,11866.69,11934.90,11737.19,11892.80,11892.80,20583375490
Aug 15 2020,11768.70,11963.20,11768.70,11865.70,11865.70,23354924400
Aug 14 2020,11772.66,12150.99,11685.46,11768.87,11768.87,24237958589
Aug 13 2020,11588.41,11796.40,11216.87,11784.14,11784.14,27522199497
Aug 12 2020,11404.60,11748.40,11249.61,11584.93,11584.93,25064548486
Aug 11 2020,11881.65,11932.71,11195.71,11410.53,11410.53,27039782640
Aug 10 2020,11662.26,12045.14,11662.26,11878.11,11878.11,26114112569
Aug 9 2020,11737.33,11806.06,11548.78,11675.74,11675.74,17489608833
Aug 8 2020,11604.55,11800.06,11558.43,11754.05,11754.05,17572057837
Aug 7 2020,11778.89,11898.04,11408.59,11601.47,11601.47,23132312867
Aug 6 2020,11749.87,11902.34,11598.71,11779.77,11779.77,23400740340
Aug 5 2020,11203.82,11786.62,11158.29,11747.02,11747.02,24411254471
Aug 4 2020,11246.20,11385.38,11094.15,11205.89,11205.89,21250197042
Aug 3 2020,11043.77,11453.08,11012.42,11246.35,11246.35,20271713443
Aug 2 2020,11758.76,12034.14,11018.13,11053.61,11053.61,27410067336
Aug 1 2020,11322.57,11794.78,11239.68,11759.59,11759.59,26075670303
Jul 31 2020,11110.21,11415.86,10987.05,11323.47,11323.47,23160469766
Jul 30 2020,11099.83,11169.36,10895.46,11111.21,11111.21,22857247901
Jul 29 2020,10912.95,11304.40,10856.14,11100.47,11100.47,24617249715
Jul 28 2020,11017.46,11204.33,10632.63,10912.82,10912.82,28766551142
Jul 27 2020,9905.22,11298.22,9903.97,10990.87,10990.87,35359749590
Jul 26 2020,9680.23,10023.81,9652.85,9905.17,9905.17,20507998997
Jul 25 2020,9539.49,9704.56,9530.21,9677.11,9677.11,16610070933
Jul 24 2020,9585.51,9623.34,9481.45,9536.89,9536.89,16552768325
Jul 23 2020,9527.14,9610.25,9483.00,9581.07,9581.07,18146399002
Jul 22 2020,9375.08,9530.52,9319.65,9525.36,9525.36,16532254884
Jul 21 2020,9162.51,9407.26,9149.39,9374.89,9374.89,18069581956
Jul 20 2020,9187.22,9214.27,9137.51,9164.23,9164.23,13755604146
Jul 19 2020,9158.01,9201.40,9097.63,9185.82,9185.82,12939002784
Jul 18 2020,9151.18,9230.98,9100.82,9159.04,9159.04,12252601475
Jul 17 2020,9131.81,9182.25,9089.20,9151.39,9151.39,13944570749
Jul 16 2020,9191.98,9214.31,9088.95,9132.23,9132.23,15713967523
Jul 15 2020,9241.90,9275.33,9171.93,9192.84,9192.84,15844731575
Jul 14 2020,9238.70,9283.84,9171.66,9243.21,9243.21,18085038362
Jul 13 2020,9277.21,9306.41,9224.29,9243.61,9243.61,17519821266
Jul 12 2020,9241.05,9319.42,9197.45,9276.50,9276.50,14452361907
Jul 11 2020,9277.51,9293.53,9199.49,9240.35,9240.35,13249910444
Jul 10 2020,9273.36,9287.47,9118.00,9278.81,9278.81,16860035605
Jul 9 2020,9427.99,9431.38,9235.00,9277.97,9277.97,18000702524
Jul 8 2020,9253.02,9450.34,9249.50,9428.33,9428.33,19702359883
Jul 7 2020,9349.16,9360.62,9201.82,9252.28,9252.28,13839652595
Jul 6 2020,9072.85,9375.47,9058.66,9375.47,9375.47,17889263252
Jul 5 2020,9126.09,9162.18,8977.02,9073.94,9073.94,12903406143
Jul 4 2020,9084.23,9183.30,9053.63,9132.49,9132.49,12290528515
Jul 3 2020,9124.84,9202.34,9058.79,9087.30,9087.30,13078970999
Jul 2 2020,9231.14,9274.96,9036.62,9123.41,9123.41,16338916796
Jul 1 2020,9145.99,9309.75,9104.74,9228.33,9228.33,15971550355
Jun 30 2020,9185.58,9217.84,9084.84,9137.99,9137.99,15735797744
Jun 29 2020,9140.03,9237.57,9041.88,9190.85,9190.85,16460547078
Jun 28 2020,9048.46,9197.55,8975.53,9143.58,9143.58,14560870760
Jun 27 2020,9167.82,9207.81,8998.22,9045.39,9045.39,17273093144
Jun 26 2020,9261.00,9310.52,9101.74,9162.92,9162.92,18341465837
Jun 25 2020,9314.13,9340.16,9095.32,9264.81,9264.81,18616048626
Jun 24 2020,9632.15,9680.37,9278.23,9313.61,9313.61,18961716076
Jun 23 2020,9644.08,9670.54,9547.25,9629.66,9629.66,17006433272
Jun 22 2020,9300.92,9655.07,9296.87,9648.72,9648.72,21104009514
Jun 21 2020,9330.93,9401.11,9300.43,9303.63,9303.63,15324301169
Jun 20 2020,9290.96,9394.97,9247.38,9332.34,9332.34,17130541557
Jun 19 2020,9410.29,9440.88,9274.30,9288.02,9288.02,19632223107
Jun 18 2020,9481.57,9482.78,9328.40,9411.84,9411.84,17770083003
Jun 17 2020,9533.78,9540.42,9327.34,9480.25,9480.25,20177709879
Jun 16 2020,9454.27,9579.43,9400.45,9538.02,9538.02,21565537209
Jun 15 2020,9386.04,9504.86,8990.18,9450.70,9450.70,26699704768
Jun 14 2020,9477.55,9482.27,9347.59,9386.79,9386.79,18991732746
Jun 13 2020,9480.74,9493.21,9396.01,9475.28,9475.28,17564322315
Jun 12 2020,9320.69,9540.47,9285.85,9480.84,9480.84,22610564515
Jun 11 2020,9870.08,9938.30,9263.07,9321.78,9321.78,30247143440
Jun 10 2020,9794.12,9908.90,9728.29,9870.09,9870.09,25706567601
Jun 9 2020,9774.36,9836.37,9664.72,9795.70,9795.70,23717842783
Jun 8 2020,9760.06,9782.31,9675.89,9771.49,9771.49,21486346312
Jun 7 2020,9653.00,9768.50,9458.15,9758.85,9758.85,25015250846
Jun 6 2020,9664.90,9773.43,9591.02,9653.68,9653.68,20438419222
Jun 5 2020,9800.22,9869.24,9663.22,9665.53,9665.53,23509628646
Jun 4 2020,9655.85,9887.61,9525.25,9800.64,9800.64,25921805072
Jun 3 2020,9533.76,9682.86,9471.85,9656.72,9656.72,25007459262
Jun 2 2020,10162.97,10182.34,9460.57,9529.80,9529.80,39137252109
Jun 1 2020,9463.61,10199.57,9450.90,10167.27,10167.27,35198901068
May 31 2020,9700.11,9700.34,9432.30,9461.06,9461.06,27773290299
May 30 2020,9438.91,9704.03,9366.73,9700.41,9700.41,32722975141
May 29 2020,9528.36,9573.67,9379.34,9439.12,9439.12,32896642044
May 28 2020,9184.95,9546.32,9148.46,9525.75,9525.75,34367073114
May 27 2020,8837.38,9203.32,8834.16,9181.02,9181.02,32740536902
May 26 2020,8909.59,8991.97,8757.29,8835.05,8835.05,29584186947
May 25 2020,8786.11,8951.01,8719.67,8906.93,8906.93,31288157264
May 24 2020,9212.28,9288.40,8787.25,8790.37,8790.37,32518803300
May 23 2020,9185.06,9302.50,9118.11,9209.29,9209.29,27727866812
May 22 2020,9080.33,9232.94,9008.64,9182.58,9182.58,29810773699
May 21 2020,9522.74,9555.24,8869.93,9081.76,9081.76,39326160532
May 20 2020,9725.33,9804.79,9447.20,9522.98,9522.98,36546239703
May 19 2020,9727.06,9836.05,9539.62,9729.04,9729.04,39254288955
May 18 2020,9675.70,9906.03,9570.36,9726.58,9726.58,41827139896
May 17 2020,9374.93,9823.00,9349.55,9670.74,9670.74,40084250663
May 16 2020,9333.24,9564.21,9260.69,9377.01,9377.01,36164766408
May 15 2020,9734.29,9755.83,9261.40,9328.20,9328.20,48158802327
May 14 2020,9271.33,9793.27,9255.04,9733.72,9733.72,56426907637
May 13 2020,8805.39,9317.88,8805.39,9269.99,9269.99,45558144023
May 12 2020,8610.39,8949.90,8569.64,8804.48,8804.48,42142717533
May 11 2020,8755.54,9033.47,8374.32,8601.80,8601.80,57119858802
May 10 2020,9591.17,9595.58,8395.11,8756.43,8756.43,63325279337
May 9 2020,9840.91,9913.86,9580.64,9593.90,9593.90,46566121841
May 8 2020,9936.16,9996.74,9767.17,9842.67,9842.67,51780748042
May 7 2020,9261.90,9992.66,9138.32,9951.52,9951.52,61112700562
May 6 2020,9007.44,9411.47,8966.71,9268.76,9268.76,49371886931
May 5 2020,8912.83,9062.42,8856.83,9003.07,9003.07,43148462663
May 4 2020,8895.75,8956.91,8645.02,8912.65,8912.65,45718796276
May 3 2020,8983.61,9167.78,8830.97,8897.47,8897.47,47101785174
May 2 2020,8869.06,9007.19,8811.37,8988.60,8988.60,40134388683
May 1 2020,8672.78,9048.02,8667.76,8864.77,8864.77,44068389997
Apr 30 2020,8797.67,9440.65,8533.26,8658.55,8658.55,66964629541
Apr 29 2020,7806.71,8871.75,7786.05,8801.04,8801.04,60201052203
Apr 28 2020,7796.97,7814.53,7730.81,7807.06,7807.06,33187959921
Apr 27 2020,7679.42,7795.60,7679.42,7795.60,7795.60,36162144725
Apr 26 2020,7570.14,7700.59,7561.41,7679.87,7679.87,33070154491
Apr 25 2020,7550.48,7641.36,7521.67,7569.94,7569.94,32941541447
Apr 24 2020,7434.18,7574.20,7434.18,7550.90,7550.90,34636526286
Apr 23 2020,7121.31,7491.79,7081.59,7429.72,7429.72,43500782316
Apr 22 2020,6879.44,7145.87,6867.78,7117.21,7117.21,33249153866
Apr 21 2020,6879.78,6934.55,6834.44,6880.32,6880.32,32589741511
Apr 20 2020,7186.87,7240.29,6835.50,6881.96,6881.96,37747113936
Apr 19 2020,7260.92,7280.52,7167.05,7189.42,7189.42,31311210215
Apr 18 2020,7092.29,7269.96,7089.25,7257.67,7257.67,32447188386
Apr 17 2020,7116.55,7167.18,7050.33,7096.18,7096.18,32513423567
Apr 16 2020,6640.45,7134.45,6555.50,7116.80,7116.80,46783242377
Apr 15 2020,6845.56,6928.66,6633.40,6642.11,6642.11,32288311031
Apr 14 2020,6843.28,6958.56,6793.82,6842.43,6842.43,34110434052
Apr 13 2020,6965.62,6965.62,6668.26,6845.04,6845.04,38619308647
Apr 12 2020,6858.07,7119.95,6811.08,6971.09,6971.09,35759567632
Apr 11 2020,6867.44,6926.07,6789.92,6859.08,6859.08,31222085946
Apr 10 2020,7303.82,7303.82,6802.48,6865.49,6865.49,43622840992
Apr 9 2020,7337.97,7341.45,7179.09,7302.09,7302.09,34815139178
Apr 8 2020,7179.28,7356.22,7153.31,7334.10,7334.10,37563249549
Apr 7 2020,7273.64,7427.94,7136.71,7176.41,7176.41,44243482668
Apr 6 2020,6788.05,7271.78,6782.89,7271.78,7271.78,46896904615
Apr 5 2020,6862.54,6883.41,6715.93,6791.13,6791.13,29510409856
Apr 4 2020,6738.38,6878.95,6696.48,6867.53,6867.53,33185988584
Apr 3 2020,6797.40,7003.22,6673.34,6733.39,6733.39,38976504903
Apr 2 2020,6606.78,7088.25,6595.92,6793.62,6793.62,47660646124
Apr 1 2020,6437.32,6612.57,6202.37,6606.78,6606.78,40346426266
Mar 31 2020,6430.61,6504.52,6374.16,6438.64,6438.64,32786468812
Mar 30 2020,5925.54,6517.20,5903.23,6429.84,6429.84,37101651525
Mar 29 2020,6245.62,6250.47,5920.09,5922.04,5922.04,28373690931
Mar 28 2020,6467.25,6467.50,6117.84,6242.19,6242.19,34885225901
Mar 27 2020,6719.39,6793.84,6466.70,6469.80,6469.80,34585598367
Mar 26 2020,6675.17,6735.46,6590.96,6716.44,6716.44,35319797642
Mar 25 2020,6738.72,6892.51,6536.93,6681.06,6681.06,44590107888
Mar 24 2020,6436.64,6789.02,6411.07,6734.80,6734.80,48221910672
Mar 23 2020,5831.37,6443.93,5785.00,6416.31,6416.31,46491916000
Mar 22 2020,6185.56,6359.70,5823.71,5830.25,5830.25,40099664740
Mar 21 2020,6206.52,6378.14,5932.82,6185.07,6185.07,42494390880
Mar 20 2020,6191.65,6844.26,5865.78,6198.78,6198.78,54442976103
Mar 19 2020,5245.42,6329.74,5236.97,6191.19,6191.19,51000731797
Mar 18 2020,5227.11,5331.83,5069.34,5238.44,5238.44,37878801016
Mar 17 2020,5002.58,5371.35,4981.91,5225.63,5225.63,38622642935
Mar 16 2020,5385.23,5385.23,4575.36,5014.48,5014.48,45368026430
Mar 15 2020,5201.07,5836.65,5169.28,5392.31,5392.31,33997889639
Mar 14 2020,5573.08,5625.23,5125.07,5200.37,5200.37,36154506008
Mar 13 2020,5017.83,5838.11,4106.98,5563.71,5563.71,74156772075
Mar 12 2020,7913.62,7929.12,4860.35,4970.79,4970.79,53980357243
Mar 11 2020,7910.09,7950.81,7642.81,7911.43,7911.43,38682762605
Mar 10 2020,7922.15,8136.95,7814.76,7909.73,7909.73,42213940994
Mar 9 2020,8111.15,8177.79,7690.10,7923.64,7923.64,46936995808
Mar 8 2020,8908.21,8914.34,8105.25,8108.12,8108.12,39973102121
Mar 7 2020,9121.60,9163.22,8890.74,8909.95,8909.95,36216930370
Mar 6 2020,9078.31,9167.70,9032.08,9122.55,9122.55,40826885651
Mar 5 2020,8760.29,9142.05,8757.25,9078.76,9078.76,39698054597
Mar 4 2020,8788.54,8843.37,8712.43,8755.25,8755.25,34746706368
Mar 3 2020,8865.39,8901.60,8704.99,8787.79,8787.79,42386715821
Mar 2 2020,8563.26,8921.31,8532.63,8869.67,8869.67,42857674409
Mar 1 2020,8599.76,8726.80,8471.21,8562.45,8562.45,35349164300
Feb 29 2020,8671.21,8775.63,8599.51,8599.51,8599.51,35792392544
Feb 28 2020,8788.73,8890.46,8492.93,8672.46,8672.46,44605450443
Feb 27 2020,8825.09,8932.89,8577.20,8784.49,8784.49,45470195695
Feb 26 2020,9338.29,9354.78,8704.43,8820.52,8820.52,50420050762
Feb 25 2020,9651.31,9652.74,9305.02,9341.71,9341.71,42515259129
Feb 24 2020,9921.58,9951.75,9537.04,9650.17,9650.17,45080496648
Feb 23 2020,9663.32,9937.40,9657.79,9924.52,9924.52,41185185761
Feb 22 2020,9687.71,9698.23,9600.73,9663.18,9663.18,35838025154
Feb 21 2020,9611.78,9723.01,9589.74,9686.44,9686.44,40930547513
Feb 20 2020,9629.33,9643.22,9507.90,9608.48,9608.48,44925260237
Feb 19 2020,10143.80,10191.68,9611.22,9633.39,9633.39,46992019710
Feb 18 2020,9691.23,10161.94,9632.38,10142.00,10142.00,47271023953
Feb 17 2020,9936.56,9938.82,9507.64,9690.14,9690.14,45998298413
Feb 16 2020,9889.18,10053.97,9722.39,9934.43,9934.43,43374780305
Feb 15 2020,10313.86,10341.56,9874.43,9889.42,9889.42,43865054831
Feb 14 2020,10211.55,10322.00,10125.53,10312.12,10312.12,43338264162
Feb 13 2020,10323.96,10457.63,10116.16,10214.38,10214.38,49356071373
Feb 12 2020,10202.39,10393.61,10202.39,10326.05,10326.05,43444303830
Feb 11 2020,9855.89,10210.05,9729.33,10208.24,10208.24,37648059389
Feb 10 2020,10115.56,10165.77,9784.56,9856.61,9856.61,39386548075
Feb 9 2020,9863.89,10129.44,9850.39,10116.67,10116.67,35807884663
Feb 8 2020,9793.07,9876.75,9678.91,9865.12,9865.12,35172043762
Feb 7 2020,9726.00,9834.72,9726.00,9795.94,9795.94,34522718159
Feb 6 2020,9617.82,9824.62,9539.82,9729.80,9729.80,37628823716
Feb 5 2020,9183.42,9701.30,9163.70,9613.42,9613.42,35222060874
Feb 4 2020,9292.84,9331.27,9112.81,9180.96,9180.96,29893183716
Feb 3 2020,9344.68,9540.37,9248.63,9293.52,9293.52,30934096509
Feb 2 2020,9389.82,9468.80,9217.82,9344.37,9344.37,30835736946
Feb 1 2020,9346.36,9439.32,9313.24,9392.88,9392.88,25922656496
Jan 31 2020,9508.31,9521.71,9230.78,9350.53,9350.53,29432489719
Jan 30 2020,9316.02,9553.13,9230.90,9508.99,9508.99,32378792851
Jan 29 2020,9357.47,9406.43,9269.47,9316.63,9316.63,30682598115
Jan 28 2020,8912.52,9358.59,8908.45,9358.59,9358.59,34398744403
Jan 27 2020,8597.31,8977.73,8597.31,8909.82,8909.82,28647338393
Jan 26 2020,8364.41,8602.40,8325.50,8596.83,8596.83,22177678796
Jan 25 2020,8440.12,8458.45,8296.22,8367.85,8367.85,19647331549
Jan 24 2020,8405.57,8514.67,8266.84,8445.43,8445.43,24397913026
Jan 23 2020,8680.65,8687.75,8333.64,8406.52,8406.52,25770680779
Jan 22 2020,8744.21,8792.99,8636.75,8680.88,8680.88,22600204051
Jan 21 2020,8658.99,8755.71,8544.52,8745.89,8745.89,24097418512
Jan 20 2020,8704.63,8745.59,8560.47,8657.64,8657.64,26422375678
Jan 19 2020,8941.45,9164.36,8620.08,8706.25,8706.25,34217320471
Jan 18 2020,8927.21,9012.20,8827.33,8942.81,8942.81,32337772627
Jan 17 2020,8725.21,8958.12,8677.32,8929.04,8929.04,36372139320
Jan 16 2020,8812.48,8846.46,8612.10,8723.79,8723.79,31313981931
Jan 15 2020,8825.34,8890.12,8657.19,8807.01,8807.01,40102834650
Jan 14 2020,8140.93,8879.51,8140.93,8827.76,8827.76,44841784107
Jan 13 2020,8189.77,8197.79,8079.70,8144.19,8144.19,22482910688
Jan 12 2020,8033.26,8200.06,8009.06,8192.49,8192.49,22903438381
Jan 11 2020,8162.19,8218.36,8029.64,8037.54,8037.54,25521165085
Jan 10 2020,7878.31,8166.55,7726.77,8166.55,8166.55,28714583844
Jan 9 2020,8082.30,8082.30,7842.40,7879.07,7879.07,24045990466
Jan 8 2020,8161.94,8396.74,7956.77,8079.86,8079.86,31672559265
Jan 7 2020,7768.68,8178.22,7768.23,8163.69,8163.69,28767291327
Jan 6 2020,7410.45,7781.87,7409.29,7769.22,7769.22,23276261598
Jan 5 2020,7410.45,7544.50,7400.54,7411.32,7411.32,19725074095
Jan 4 2020,7345.38,7427.39,7309.51,7410.66,7410.66,18444271275
Jan 3 2020,6984.43,7413.72,6915.00,7344.88,7344.88,28111481032
Jan 2 2020,7202.55,7212.16,6935.27,6985.47,6985.47,20802083465
Jan 1 2020,7194.89,7254.33,7174.94,7200.17,7200.17,18565664997
